Match_ID,Country,Season,Div,League,Date,Time,Round,Home,Away,Home_Score,Away_Score,Min_Goals_Home,Min_Goals_Away,Bookie_1X2_HT,Odd_1_HT,Odd_X_HT,Odd_2_HT,Bookie_1X2_FT,Odd_1_FT,Odd_X_FT,Odd_2_FT,Bookie_OU_HT_0_5,Over_HT_0_5,Under_HT_0_5,Bookie_OU_HT_1_5,Over_HT_1_5,Under_HT_1_5,Bookie_OU_HT_2_5,Over_HT_2_5,Under_HT_2_5,Bookie_OU_FT_0_5,Over_FT_0_5,Under_FT_0_5,Bookie_OU_FT_1_5,Over_FT_1_5,Under_FT_1_5,Bookie_OU_FT_2_5,Over_FT_2_5,Under_FT_2_5,Bookie_OU_FT_3_5,Over_FT_3_5,Under_FT_3_5,Bookie_OU_FT_4_5,Over_FT_4_5,Under_FT_4_5,Bookie_BTTS,BTTS_Yes,BTTS_No,Bookie_DC,DC_1X,DC_12,DC_X2,Bookie_CS_0_0,CS_0_0,Bookie_CS_1_0,CS_1_0,Bookie_CS_0_1,CS_0_1,Bookie_CS_1_1,CS_1_1,Bookie_CS_2_0,CS_2_0,Bookie_CS_0_2,CS_0_2,Bookie_CS_2_1,CS_2_1,Bookie_CS_1_2,CS_1_2,Bookie_CS_2_2,CS_2_2,Bookie_CS_3_0,CS_3_0,Bookie_CS_0_3,CS_0_3,Bookie_CS_3_1,CS_3_1,Bookie_CS_1_3,CS_1_3,Bookie_CS_3_2,CS_3_2,Bookie_CS_2_3,CS_2_3,Bookie_AH_neg_2_5,AH_Home_neg_2_5,AH_Away_neg_2_5,Bookie_AH_neg_2,AH_Home_neg_2,AH_Away_neg_2,Bookie_AH_neg_1_5,AH_Home_neg_1_5,AH_Away_neg_1_5,Bookie_AH_neg_1,AH_Home_neg_1,AH_Away_neg_1,Bookie_AH_neg_0_5,AH_Home_neg_0_5,AH_Away_neg_0_5,Bookie_AH_pos_0_5,AH_Home_pos_0_5,AH_Away_pos_0_5,Bookie_AH_pos_1,AH_Home_pos_1,AH_Away_pos_1,Bookie_AH_pos_1_5,AH_Home_pos_1_5,AH_Away_pos_1_5,Bookie_AH_pos_2,AH_Home_pos_2,AH_Away_pos_2,Bookie_AH_pos_2_5,AH_Home_pos_2_5,AH_Away_pos_2_5,Bookie_EH_neg_3,EH_Home_neg_3,EH_Draw_neg_3,EH_Away_neg_3,Bookie_EH_neg_2,EH_Home_neg_2,EH_Draw_neg_2,EH_Away_neg_2,Bookie_EH_neg_1,EH_Home_neg_1,EH_Draw_neg_1,EH_Away_neg_1,Bookie_EH_1,EH_Home_1,EH_Draw_1,EH_Away_1,Bookie_EH_2,EH_Home_2,EH_Draw_2,EH_Away_2,Bookie_EH_3,EH_Home_3,EH_Draw_3,EH_Away_3,xG_Home_FT,xG_Away_FT,xGOT_Home_FT,xGOT_Away_FT,xA_Home_FT,xA_Away_FT,xGOT_Faced_Home_FT,xGOT_Faced_Away_FT,Goals_Prevented_Home_FT,Goals_Prevented_Away_FT,Possession_Home_FT,Possession_Away_FT,Passes_Pct_Home_FT,Passes_Pct_Away_FT,Long_Passes_Pct_Home_FT,Long_Passes_Pct_Away_FT,Passes_Final_Third_Pct_Home_FT,Passes_Final_Third_Pct_Away_FT,Through_Passes_Home_FT,Through_Passes_Away_FT,Crosses_Pct_Home_FT,Crosses_Pct_Away_FT,Total_Shots_Home_FT,Total_Shots_Away_FT,Shots_On_Target_Home_FT,Shots_On_Target_Away_FT,Shots_Off_Target_Home_FT,Shots_Off_Target_Away_FT,Blocked_Shots_Home_FT,Blocked_Shots_Away_FT,Shots_Inside_Box_Home_FT,Shots_Inside_Box_Away_FT,Shots_Outside_Box_Home_FT,Shots_Outside_Box_Away_FT,Big_Chances_Home_FT,Big_Chances_Away_FT,Hit_Woodwork_Home_FT,Hit_Woodwork_Away_FT,Touches_Box_Home_FT,Touches_Box_Away_FT,Corners_Home_FT,Corners_Away_FT,Free_Kicks_Home_FT,Free_Kicks_Away_FT,Throw_Ins_Home_FT,Throw_Ins_Away_FT,Fouls_Home_FT,Fouls_Away_FT,Yellow_Cards_Home_FT,Yellow_Cards_Away_FT,Red_Cards_Home_FT,Red_Cards_Away_FT,Offsides_Home_FT,Offsides_Away_FT,Goalkeeper_Saves_Home_FT,Goalkeeper_Saves_Away_FT,Tackles_Pct_Home_FT,Tackles_Pct_Away_FT,Duels_Won_Home_FT,Duels_Won_Away_FT,Clearances_Home_FT,Clearances_Away_FT,Interceptions_Home_FT,Interceptions_Away_FT,Errors_Shot_Home_FT,Errors_Shot_Away_FT,Errors_Goal_Home_FT,Errors_Goal_Away_FT,xG_Home_HT,xG_Away_HT,xGOT_Home_HT,xGOT_Away_HT,xA_Home_HT,xA_Away_HT,Possession_Home_HT,Possession_Away_HT,Total_Shots_Home_HT,Total_Shots_Away_HT,Shots_On_Target_Home_HT,Shots_On_Target_Away_HT,Shots_Off_Target_Home_HT,Shots_Off_Target_Away_HT,Big_Chances_Home_HT,Big_Chances_Away_HT,Corners_Home_HT,Corners_Away_HT,Yellow_Cards_Home_HT,Yellow_Cards_Away_HT,Fouls_Home_HT,Fouls_Away_HT,Offsides_Home_HT,Offsides_Away_HT,Goalkeeper_Saves_Home_HT,Goalkeeper_Saves_Away_HT,xG_Home_2T,xG_Away_2T,xGOT_Home_2T,xGOT_Away_2T,xA_Home_2T,xA_Away_2T,Possession_Home_2T,Possession_Away_2T,Total_Shots_Home_2T,Total_Shots_Away_2T,Shots_On_Target_Home_2T,Shots_On_Target_Away_2T,Shots_Off_Target_Home_2T,Shots_Off_Target_Away_2T,Big_Chances_Home_2T,Big_Chances_Away_2T,Corners_Home_2T,Corners_Away_2T,Yellow_Cards_Home_2T,Yellow_Cards_Away_2T,Red_Cards_Home_2T,Red_Cards_Away_2T,Fouls_Home_2T,Fouls_Away_2T,Offsides_Home_2T,Offsides_Away_2T,Goalkeeper_Saves_Home_2T,Goalkeeper_Saves_Away_2T
dMQg3RfE,CROATIA,2025-2026,Hnl 2025 2026,CROATIA Hnl 2025 2026,07/12/2025,13:30,Round 16,Osijek,Istra 1961,1,5,[59],"[17, 27, 44, 49, 73]",bet365,3.1,2.1,3.6,bet365,2.35,3.2,2.88,bet365,1.44,2.63,bet365,3.25,1.33,bet365,9.0,1.07,bet365,1.07,9.0,bet365,1.36,3.0,bet365,2.1,1.7,bet365,3.75,1.25,bet365,8.0,1.08,bet365,1.83,1.83,bet365,1.4,1.36,1.57,,0.0,,0.0,,0.0,,0.0,,0.0,,0.0,,0.0,,0.0,,0.0,,0.0,,0.0,,0.0,,0.0,,0.0,,0.0,,0.0,0.0,,0.0,0.0,,0.0,0.0,,0.0,0.0,,0.0,0.0,,0.0,0.0,,0.0,0.0,,0.0,0.0,,0.0,0.0,,0.0,0.0,,0.0,0.0,0.0,,0.0,0.0,0.0,,0.0,0.0,0.0,,0.0,0.0,0.0,,0.0,0.0,0.0,,0.0,0.0,0.0,,,1.91,3.48,0.95,1.05,3.48,1.91,-1.52,0.91,,,0.83,0.84,0.44,0.47,0.63,0.73,0.0,2.0,0.13,0.09,13.0,12.0,4.0,6.0,5.0,1.0,,,,,,,,,,,24.0,19.0,,,,,,,16.0,14.0,,,,,2.0,0.0,,,0.56,0.92,57.0,51.0,27.0,24.0,10.0,13.0,0.0,1.0,0.0,0.0,,,0.42,1.83,0.36,0.73,,,6.0,6.0,2.0,3.0,2.0,0.0,,,,,,,5.0,6.0,0.0,0.0,,,,,1.49,1.65,0.59,0.32,,,7.0,6.0,2.0,3.0,3.0,1.0,,,,,,,,,11.0,8.0,2.0,0.0,,
6Jr2cy7e,CROATIA,2025-2026,Hnl 2025 2026,CROATIA Hnl 2025 2026,07/12/2025,11:00,Round 16,Varazdin,Lok. Zagreb,4,2,"[48, 54, 79, 89]","[4, 20]",bet365,3.1,2.05,3.6,bet365,2.35,3.1,2.88,bet365,1.44,2.63,bet365,3.25,1.33,bet365,9.0,1.07,bet365,1.07,9.0,bet365,1.36,3.0,bet365,2.15,1.67,bet365,3.75,1.25,bet365,9.0,1.07,bet365,1.83,1.83,bet365,1.36,1.33,1.53,,0.0,,0.0,,0.0,,0.0,,0.0,,0.0,,0.0,,0.0,,0.0,,0.0,,0.0,,0.0,,0.0,,0.0,,0.0,,0.0,0.0,,0.0,0.0,,0.0,0.0,,0.0,0.0,,0.0,0.0,,0.0,0.0,,0.0,0.0,,0.0,0.0,,0.0,0.0,,0.0,0.0,,0.0,0.0,0.0,,0.0,0.0,0.0,,0.0,0.0,0.0,,0.0,0.0,0.0,,0.0,0.0,0.0,,0.0,0.0,0.0,,,3.3,1.59,0.87,0.31,1.59,3.3,-0.41,-0.7,,,0.67,0.8,0.31,0.59,0.56,0.61,0.0,0.0,0.08,0.23,10.0,8.0,5.0,4.0,2.0,1.0,,,,,,,,,,,11.0,14.0,,,,,,,16.0,14.0,,,,,1.0,3.0,,,0.67,0.38,46.0,40.0,23.0,14.0,3.0,2.0,0.0,1.0,1.0,0.0,,,0.0,1.59,0.08,0.1,,,2.0,6.0,0.0,4.0,2.0,1.0,,,,,,,9.0,6.0,0.0,1.0,,,,,3.3,0.0,0.79,0.21,,,8.0,2.0,5.0,0.0,0.0,0.0,,,,,,,,,7.0,8.0,1.0,2.0,,
vod9eFy8,CROATIA,2025-2026,Hnl 2025 2026,CROATIA Hnl 2025 2026,06/12/2025,14:00,Round 16,Rijeka,Vukovar 1991,3,1,"[11, 30, 80]",[66],bet365,1.73,2.63,8.5,bet365,1.29,5.0,8.5,bet365,1.29,3.5,bet365,2.25,1.57,bet365,5.5,1.14,bet365,1.02,17.0,bet365,1.17,5.0,bet365,1.57,2.35,bet365,2.38,1.53,bet365,4.33,1.2,bet365,2.0,1.73,bet365,1.07,1.14,3.4,,0.0,,0.0,,0.0,,0.0,,0.0,,0.0,,0.0,,0.0,,0.0,,0.0,,0.0,,0.0,,0.0,,0.0,,0.0,,0.0,0.0,,0.0,0.0,,0.0,0.0,,0.0,0.0,,0.0,0.0,,0.0,0.0,,0.0,0.0,,0.0,0.0,,0.0,0.0,,0.0,0.0,,0.0,0.0,0.0,,0.0,0.0,0.0,,0.0,0.0,0.0,,0.0,0.0,0.0,,0.0,0.0,0.0,,0.0,0.0,0.0,,,2.51,0.45,0.78,0.24,0.45,2.51,-0.55,-0.49,,,0.87,0.67,0.49,0.2,0.78,0.54,0.0,0.0,0.24,0.3,20.0,5.0,7.0,1.0,9.0,3.0,,,,,,,,,,,28.0,9.0,,,,,,,8.0,16.0,,,,,1.0,2.0,,,0.54,0.64,48.0,36.0,21.0,29.0,16.0,9.0,0.0,0.0,0.0,0.0,,,1.08,0.0,0.4,0.07,,,9.0,1.0,3.0,0.0,4.0,1.0,,,,,,,3.0,7.0,0.0,1.0,,,,,1.43,0.45,0.38,0.17,,,11.0,4.0,4.0,1.0,5.0,2.0,,,,,,,,,5.0,9.0,1.0,1.0,,
p4fgacxq,CROATIA,2025-2026,Hnl 2025 2026,CROATIA Hnl 2025 2026,06/12/2025,11:00,Round 16,Din. Zagreb,Hajduk Split,1,1,[102],[68],bet365,2.4,2.2,5.0,bet365,1.75,3.3,4.5,bet365,1.4,2.75,bet365,3.0,1.36,bet365,8.0,1.08,bet365,1.06,10.0,bet365,1.3,3.4,bet365,2.03,1.78,bet365,3.5,1.29,bet365,7.0,1.1,bet365,1.83,1.83,bet365,1.17,1.3,1.91,,0.0,,0.0,,0.0,,0.0,,0.0,,0.0,,0.0,,0.0,,0.0,,0.0,,0.0,,0.0,,0.0,,0.0,,0.0,,0.0,0.0,,0.0,0.0,,0.0,0.0,,0.0,0.0,,0.0,0.0,,0.0,0.0,,0.0,0.0,,0.0,0.0,,0.0,0.0,,0.0,0.0,,0.0,0.0,0.0,,0.0,0.0,0.0,,0.0,0.0,0.0,,0.0,0.0,0.0,,0.0,0.0,0.0,,0.0,0.0,0.0,,,1.96,0.99,0.81,0.39,0.99,1.96,-0.01,0.96,,,0.83,0.77,0.56,0.29,0.66,0.56,0.0,0.0,0.13,0.33,13.0,4.0,5.0,1.0,6.0,1.0,,,,,,,,,,,26.0,8.0,,,,,,,12.0,27.0,,,,,1.0,2.0,,,0.77,0.71,59.0,42.0,11.0,28.0,5.0,13.0,0.0,1.0,0.0,0.0,,,0.2,0.0,0.38,0.22,,,3.0,1.0,2.0,0.0,1.0,0.0,,,,,,,5.0,11.0,0.0,1.0,,,,,1.76,0.99,0.43,0.17,,,10.0,3.0,3.0,1.0,5.0,1.0,,,,,,,,,7.0,16.0,1.0,1.0,,
UZO115PQ,CROATIA,2025-2026,Hnl 2025 2026,CROATIA Hnl 2025 2026,05/12/2025,14:00,Round 16,Slaven Belupo,Gorica,2,1,"[6, 74]",[21],bet365,2.75,2.1,4.0,bet365,2.05,3.2,3.5,bet365,1.44,2.63,bet365,3.0,1.36,bet365,9.0,1.07,bet365,1.07,9.0,bet365,1.33,3.25,bet365,2.1,1.7,bet365,3.75,1.25,bet365,8.0,1.08,bet365,1.83,1.83,bet365,1.29,1.36,1.73,,0.0,,0.0,,0.0,,0.0,,0.0,,0.0,,0.0,,0.0,,0.0,,0.0,,0.0,,0.0,,0.0,,0.0,,0.0,,0.0,0.0,,0.0,0.0,,0.0,0.0,,0.0,0.0,,0.0,0.0,,0.0,0.0,,0.0,0.0,,0.0,0.0,,0.0,0.0,,0.0,0.0,,0.0,0.0,0.0,,0.0,0.0,0.0,,0.0,0.0,0.0,,0.0,0.0,0.0,,0.0,0.0,0.0,,0.0,0.0,0.0,,,1.22,0.81,1.12,1.49,0.81,1.22,-0.19,-0.78,,,0.77,0.75,0.44,0.34,0.6,0.63,2.0,1.0,0.19,0.32,13.0,13.0,7.0,4.0,4.0,6.0,,,,,,,,,,,12.0,21.0,,,,,,,17.0,16.0,,,,,1.0,0.0,,,0.75,0.77,53.0,69.0,14.0,40.0,6.0,6.0,1.0,0.0,0.0,0.0,,,0.09,0.56,0.43,0.35,,,5.0,6.0,3.0,2.0,2.0,2.0,,,,,,,9.0,8.0,0.0,0.0,,,,,1.13,0.25,0.69,1.14,,,8.0,7.0,4.0,2.0,2.0,4.0,,,,,,,,,8.0,8.0,1.0,0.0,,
0IwljKaS,CROATIA,2025-2026,Hnl 2025 2026,CROATIA Hnl 2025 2026,01/12/2025,14:00,Round 15,Gorica,Din. Zagreb,0,2,[],"[34, 92]",bet365,6.0,2.5,1.95,bet365,5.5,3.9,1.45,bet365,1.29,3.5,bet365,2.25,1.57,bet365,5.5,1.14,bet365,1.03,15.0,bet365,1.18,4.5,bet365,1.62,2.25,bet365,2.5,1.5,bet365,4.33,1.2,bet365,1.73,2.0,bet365,2.5,1.22,1.13,,0.0,,0.0,,0.0,,0.0,,0.0,,0.0,,0.0,,0.0,,0.0,,0.0,,0.0,,0.0,,0.0,,0.0,,0.0,,0.0,0.0,,0.0,0.0,,0.0,0.0,,0.0,0.0,,0.0,0.0,,0.0,0.0,,0.0,0.0,,0.0,0.0,,0.0,0.0,,0.0,0.0,,0.0,0.0,0.0,,0.0,0.0,0.0,,0.0,0.0,0.0,,0.0,0.0,0.0,,0.0,0.0,0.0,,0.0,0.0,0.0,,,0.93,1.33,0.35,1.45,1.33,0.93,-0.67,0.93,,,0.82,0.84,0.54,0.5,0.67,0.76,0.0,0.0,0.21,0.19,7.0,12.0,2.0,2.0,3.0,5.0,,,,,,,,,,,9.0,29.0,,,,,,,11.0,15.0,,,,,2.0,1.0,,,0.48,0.76,50.0,46.0,31.0,30.0,10.0,8.0,0.0,0.0,0.0,0.0,,,0.0,0.75,0.01,1.23,,,2.0,7.0,0.0,1.0,1.0,3.0,,,,,,,9.0,8.0,1.0,0.0,,,,,0.93,0.58,0.34,0.22,,,5.0,5.0,2.0,1.0,2.0,2.0,,,,,,,,,2.0,7.0,1.0,1.0,,
IgAE6up9,CROATIA,2025-2026,Hnl 2025 2026,CROATIA Hnl 2025 2026,30/11/2025,11:00,Round 15,Lok. Zagreb,Rijeka,1,1,[76],[3],bet365,3.75,2.1,3.0,bet365,3.0,3.0,2.15,bet365,1.44,2.63,bet365,3.25,1.33,bet365,9.0,1.07,bet365,1.06,10.0,bet365,1.33,3.25,bet365,2.08,1.73,bet365,3.75,1.25,bet365,8.0,1.08,bet365,1.83,1.83,bet365,1.62,1.33,1.33,,0.0,,0.0,,0.0,,0.0,,0.0,,0.0,,0.0,,0.0,,0.0,,0.0,,0.0,,0.0,,0.0,,0.0,,0.0,,0.0,0.0,,0.0,0.0,,0.0,0.0,,0.0,0.0,,0.0,0.0,,0.0,0.0,,0.0,0.0,,0.0,0.0,,0.0,0.0,,0.0,0.0,,0.0,0.0,0.0,,0.0,0.0,0.0,,0.0,0.0,0.0,,0.0,0.0,0.0,,0.0,0.0,0.0,,0.0,0.0,0.0,,,1.25,0.18,1.13,0.22,0.18,1.25,-0.82,0.25,,,0.85,0.68,0.54,0.29,0.7,0.35,0.0,0.0,0.27,0.3,13.0,10.0,4.0,4.0,7.0,5.0,,,,,,,,,,,18.0,16.0,,,,,,,15.0,16.0,,,,,2.0,2.0,,,0.71,0.44,65.0,34.0,23.0,27.0,8.0,11.0,0.0,0.0,0.0,0.0,,,0.42,0.09,0.24,0.07,,,6.0,6.0,2.0,2.0,3.0,3.0,,,,,,,9.0,6.0,1.0,0.0,,,,,0.83,0.09,0.89,0.15,,,7.0,4.0,2.0,2.0,4.0,2.0,,,,,,,,,6.0,10.0,1.0,2.0,,
W0UJpbNk,CROATIA,2025-2026,Hnl 2025 2026,CROATIA Hnl 2025 2026,29/11/2025,14:15,Round 15,Istra 1961,Slaven Belupo,1,1,[93],[45],bet365,3.4,2.05,3.4,bet365,2.6,3.0,2.6,bet365,1.44,2.63,bet365,3.25,1.33,bet365,9.0,1.07,bet365,1.07,9.0,bet365,1.36,3.0,bet365,2.15,1.67,bet365,3.75,1.25,bet365,9.0,1.07,bet365,1.83,1.83,bet365,1.44,1.33,1.44,,0.0,,0.0,,0.0,,0.0,,0.0,,0.0,,0.0,,0.0,,0.0,,0.0,,0.0,,0.0,,0.0,,0.0,,0.0,,0.0,0.0,,0.0,0.0,,0.0,0.0,,0.0,0.0,,0.0,0.0,,0.0,0.0,,0.0,0.0,,0.0,0.0,,0.0,0.0,,0.0,0.0,,0.0,0.0,0.0,,0.0,0.0,0.0,,0.0,0.0,0.0,,0.0,0.0,0.0,,0.0,0.0,0.0,,0.0,0.0,0.0,,,1.3,0.88,0.98,0.51,0.88,1.3,-0.12,0.3,,,0.83,0.8,0.48,0.54,0.64,0.62,0.0,0.0,0.14,0.45,10.0,17.0,3.0,2.0,4.0,10.0,,,,,,,,,,,14.0,19.0,,,,,,,9.0,11.0,,,,,1.0,1.0,,,0.68,0.59,57.0,47.0,18.0,36.0,10.0,7.0,0.0,0.0,0.0,0.0,,,0.04,0.87,0.25,0.16,,,3.0,8.0,1.0,1.0,0.0,5.0,,,,,,,4.0,4.0,1.0,1.0,,,,,1.26,0.01,0.73,0.35,,,7.0,9.0,2.0,1.0,4.0,5.0,,,,,,,,,5.0,7.0,0.0,0.0,,
EL3N4JEL,CROATIA,2025-2026,Hnl 2025 2026,CROATIA Hnl 2025 2026,29/11/2025,11:30,Round 15,Hajduk Split,Varazdin,1,1,[54],[44],bet365,2.1,2.25,6.0,bet365,1.53,3.5,5.75,bet365,1.4,2.75,bet365,3.0,1.36,bet365,8.0,1.08,bet365,1.06,10.0,bet365,1.3,3.4,bet365,2.03,1.78,bet365,3.5,1.29,bet365,7.0,1.1,bet365,2.0,1.73,bet365,1.13,1.25,2.25,,0.0,,0.0,,0.0,,0.0,,0.0,,0.0,,0.0,,0.0,,0.0,,0.0,,0.0,,0.0,,0.0,,0.0,,0.0,,0.0,0.0,,0.0,0.0,,0.0,0.0,,0.0,0.0,,0.0,0.0,,0.0,0.0,,0.0,0.0,,0.0,0.0,,0.0,0.0,,0.0,0.0,,0.0,0.0,0.0,,0.0,0.0,0.0,,0.0,0.0,0.0,,0.0,0.0,0.0,,0.0,0.0,0.0,,0.0,0.0,0.0,,,1.35,0.51,1.04,1.07,0.51,1.35,-0.49,0.35,,,0.85,0.73,0.4,0.37,0.66,0.65,0.0,3.0,0.33,0.33,13.0,10.0,4.0,2.0,8.0,2.0,,,,,,,,,,,24.0,19.0,,,,,,,15.0,15.0,,,,,0.0,1.0,,,0.54,0.47,37.0,47.0,16.0,34.0,6.0,9.0,1.0,0.0,0.0,1.0,,,0.0,0.49,0.3,0.51,,,3.0,6.0,0.0,1.0,3.0,1.0,,,,,,,6.0,6.0,0.0,1.0,,,,,1.35,0.02,0.74,0.56,,,10.0,4.0,4.0,1.0,5.0,1.0,,,,,,,,,9.0,9.0,0.0,0.0,,
QaNSrxh2,CROATIA,2025-2026,Hnl 2025 2026,CROATIA Hnl 2025 2026,28/11/2025,14:00,Round 15,Vukovar 1991,Osijek,2,2,"[53, 82]","[34, 55]",bet365,3.5,2.2,3.0,bet365,2.88,3.1,2.2,bet365,1.36,3.0,bet365,2.75,1.4,bet365,7.0,1.1,bet365,1.05,11.0,bet365,1.29,3.5,bet365,1.93,1.88,bet365,3.25,1.33,bet365,6.5,1.11,bet365,1.67,2.1,bet365,1.57,1.33,1.36,,0.0,,0.0,,0.0,,0.0,,0.0,,0.0,,0.0,,0.0,,0.0,,0.0,,0.0,,0.0,,0.0,,0.0,,0.0,,0.0,0.0,,0.0,0.0,,0.0,0.0,,0.0,0.0,,0.0,0.0,,0.0,0.0,,0.0,0.0,,0.0,0.0,,0.0,0.0,,0.0,0.0,,0.0,0.0,0.0,,0.0,0.0,0.0,,0.0,0.0,0.0,,0.0,0.0,0.0,,0.0,0.0,0.0,,0.0,0.0,0.0,,,1.07,2.74,1.17,1.82,2.74,1.07,0.74,-0.93,,,0.7,0.69,0.28,0.29,0.6,0.59,1.0,1.0,0.19,0.09,12.0,18.0,3.0,9.0,7.0,2.0,,,,,,,,,,,19.0,29.0,,,,,,,9.0,21.0,,,,,2.0,3.0,,,0.45,0.5,59.0,65.0,36.0,43.0,5.0,7.0,4.0,1.0,0.0,0.0,,,0.02,1.09,0.8,0.68,,,6.0,9.0,1.0,3.0,4.0,2.0,,,,,,,6.0,11.0,0.0,1.0,,,,,1.05,1.65,0.37,1.14,,,6.0,9.0,2.0,6.0,3.0,0.0,,,,,,,,,3.0,10.0,2.0,2.0,,
v3kuhtVF,CROATIA,2025-2026,Hnl 2025 2026,CROATIA Hnl 2025 2026,23/11/2025,14:15,Round 14,Gorica,Istra 1961,1,0,[36],[],bet365,3.0,2.1,3.75,bet365,2.2,3.1,3.1,bet365,1.44,2.63,bet365,3.0,1.36,bet365,9.0,1.07,bet365,1.07,9.0,bet365,1.33,3.25,bet365,2.08,1.73,bet365,3.75,1.25,bet365,8.0,1.08,bet365,1.83,1.83,bet365,1.33,1.33,1.57,,0.0,,0.0,,0.0,,0.0,,0.0,,0.0,,0.0,,0.0,,0.0,,0.0,,0.0,,0.0,,0.0,,0.0,,0.0,,0.0,0.0,,0.0,0.0,,0.0,0.0,,0.0,0.0,,0.0,0.0,,0.0,0.0,,0.0,0.0,,0.0,0.0,,0.0,0.0,,0.0,0.0,,0.0,0.0,0.0,,0.0,0.0,0.0,,0.0,0.0,0.0,,0.0,0.0,0.0,,0.0,0.0,0.0,,0.0,0.0,0.0,,,1.8,0.84,1.31,1.01,0.84,1.8,0.84,0.8,,,0.76,0.83,0.44,0.33,0.64,0.69,0.0,1.0,0.33,0.21,12.0,14.0,6.0,5.0,3.0,8.0,,,,,,,,,,,17.0,20.0,,,,,,,9.0,13.0,,,,,0.0,1.0,,,0.4,0.67,47.0,35.0,28.0,16.0,8.0,6.0,0.0,0.0,0.0,0.0,,,0.6,0.13,0.85,0.37,,,5.0,4.0,2.0,2.0,3.0,2.0,,,,,,,3.0,9.0,0.0,0.0,,,,,1.2,0.71,0.46,0.64,,,7.0,10.0,4.0,3.0,0.0,6.0,,,,,,,,,6.0,4.0,0.0,1.0,,
hfshWb8d,CROATIA,2025-2026,Hnl 2025 2026,CROATIA Hnl 2025 2026,23/11/2025,12:00,Round 14,Osijek,Lok. Zagreb,1,1,[76],[43],bet365,2.88,2.1,4.0,bet365,2.15,3.0,3.2,bet365,1.44,2.63,bet365,3.25,1.33,bet365,9.0,1.07,bet365,1.07,9.0,bet365,1.33,3.25,bet365,2.1,1.7,bet365,3.75,1.25,bet365,8.0,1.08,bet365,1.83,1.83,bet365,1.33,1.33,1.62,,0.0,,0.0,,0.0,,0.0,,0.0,,0.0,,0.0,,0.0,,0.0,,0.0,,0.0,,0.0,,0.0,,0.0,,0.0,,0.0,0.0,,0.0,0.0,,0.0,0.0,,0.0,0.0,,0.0,0.0,,0.0,0.0,,0.0,0.0,,0.0,0.0,,0.0,0.0,,0.0,0.0,,0.0,0.0,0.0,,0.0,0.0,0.0,,0.0,0.0,0.0,,0.0,0.0,0.0,,0.0,0.0,0.0,,0.0,0.0,0.0,,,1.39,3.14,0.53,2.15,3.14,1.39,2.14,0.39,,,0.68,0.85,0.31,0.53,0.49,0.73,1.0,1.0,0.13,0.27,8.0,24.0,3.0,8.0,2.0,12.0,,,,,,,,,,,9.0,39.0,,,,,,,12.0,15.0,,,,,0.0,3.0,,,0.56,0.68,64.0,70.0,23.0,26.0,8.0,6.0,1.0,1.0,0.0,0.0,,,0.86,1.62,0.28,0.37,,,3.0,5.0,2.0,3.0,0.0,2.0,,,,,,,6.0,7.0,0.0,3.0,,,,,0.53,1.52,0.25,1.78,,,5.0,19.0,1.0,5.0,2.0,10.0,,,,,,,,,6.0,8.0,0.0,0.0,,
KtqpYKwp,CROATIA,2025-2026,Hnl 2025 2026,CROATIA Hnl 2025 2026,22/11/2025,14:00,Round 14,Rijeka,Hajduk Split,5,0,"[5, 22, 32, 51, 86]",[],bet365,3.4,2.0,3.5,bet365,2.55,3.0,2.6,bet365,1.5,2.5,bet365,3.4,1.3,bet365,10.0,1.06,bet365,1.08,7.5,bet365,1.4,2.75,bet365,2.35,1.57,bet365,4.33,1.2,bet365,10.0,1.06,bet365,2.0,1.73,bet365,1.44,1.33,1.44,,0.0,,0.0,,0.0,,0.0,,0.0,,0.0,,0.0,,0.0,,0.0,,0.0,,0.0,,0.0,,0.0,,0.0,,0.0,,0.0,0.0,,0.0,0.0,,0.0,0.0,,0.0,0.0,,0.0,0.0,,0.0,0.0,,0.0,0.0,,0.0,0.0,,0.0,0.0,,0.0,0.0,,0.0,0.0,0.0,,0.0,0.0,0.0,,0.0,0.0,0.0,,0.0,0.0,0.0,,0.0,0.0,0.0,,0.0,0.0,0.0,,,3.04,0.33,1.01,0.58,0.33,3.04,0.33,-1.96,,,0.65,0.86,0.29,0.53,0.49,0.62,0.0,0.0,0.5,0.1,13.0,9.0,5.0,3.0,5.0,4.0,,,,,,,,,,,15.0,12.0,,,,,,,19.0,7.0,,,,,1.0,0.0,,,0.61,0.75,36.0,49.0,31.0,22.0,8.0,4.0,0.0,1.0,0.0,2.0,,,1.99,0.0,0.96,0.54,,,11.0,3.0,3.0,0.0,5.0,1.0,,,,,,,5.0,1.0,1.0,0.0,,,,,1.05,0.33,0.05,0.04,,,2.0,6.0,2.0,3.0,0.0,3.0,,,,,,,,,14.0,6.0,0.0,0.0,,
0d2DwsGM,CROATIA,2025-2026,Hnl 2025 2026,CROATIA Hnl 2025 2026,22/11/2025,11:00,Round 14,Din. Zagreb,Varazdin,3,1,"[30, 37, 53]",[87],bet365,1.73,2.6,8.0,bet365,1.3,4.5,8.0,bet365,1.29,3.5,bet365,2.38,1.53,bet365,5.5,1.14,bet365,1.03,15.0,bet365,1.18,4.5,bet365,1.6,2.3,bet365,2.5,1.5,bet365,4.33,1.2,bet365,1.91,1.8,bet365,1.07,1.17,3.25,,0.0,,0.0,,0.0,,0.0,,0.0,,0.0,,0.0,,0.0,,0.0,,0.0,,0.0,,0.0,,0.0,,0.0,,0.0,,0.0,0.0,,0.0,0.0,,0.0,0.0,,0.0,0.0,,0.0,0.0,,0.0,0.0,,0.0,0.0,,0.0,0.0,,0.0,0.0,,0.0,0.0,,0.0,0.0,0.0,,0.0,0.0,0.0,,0.0,0.0,0.0,,0.0,0.0,0.0,,0.0,0.0,0.0,,0.0,0.0,0.0,,,2.16,0.28,1.68,0.32,0.28,2.16,-0.72,-0.84,,,0.89,0.87,0.62,0.51,0.77,0.7,0.0,0.0,0.39,0.17,13.0,9.0,6.0,2.0,3.0,4.0,,,,,,,,,,,25.0,14.0,,,,,,,11.0,13.0,,,,,0.0,3.0,,,0.78,0.62,45.0,38.0,26.0,18.0,10.0,7.0,0.0,1.0,0.0,0.0,,,1.59,0.0,0.92,0.19,,,9.0,4.0,5.0,0.0,0.0,3.0,,,,,,,1.0,9.0,0.0,0.0,,,,,0.57,0.28,0.76,0.13,,,4.0,5.0,1.0,2.0,3.0,1.0,,,,,,,,,10.0,4.0,0.0,3.0,,
WxnXg203,CROATIA,2025-2026,Hnl 2025 2026,CROATIA Hnl 2025 2026,21/11/2025,14:00,Round 14,Slaven Belupo,Vukovar 1991,4,1,"[19, 25, 71, 79]",[65],bet365,2.6,2.2,4.33,bet365,1.91,3.3,3.8,bet365,1.36,3.0,bet365,2.75,1.4,bet365,7.0,1.1,bet365,1.05,11.0,bet365,1.25,3.75,bet365,1.83,1.98,bet365,3.0,1.36,bet365,6.0,1.13,bet365,1.73,2.0,bet365,1.25,1.33,1.83,,0.0,,0.0,,0.0,,0.0,,0.0,,0.0,,0.0,,0.0,,0.0,,0.0,,0.0,,0.0,,0.0,,0.0,,0.0,,0.0,0.0,,0.0,0.0,,0.0,0.0,,0.0,0.0,,0.0,0.0,,0.0,0.0,,0.0,0.0,,0.0,0.0,,0.0,0.0,,0.0,0.0,,0.0,0.0,0.0,,0.0,0.0,0.0,,0.0,0.0,0.0,,0.0,0.0,0.0,,0.0,0.0,0.0,,0.0,0.0,0.0,,,3.11,0.88,0.68,0.67,0.88,3.11,0.88,-0.89,,,0.71,0.64,0.33,0.25,0.44,0.45,0.0,1.0,0.2,0.2,13.0,10.0,6.0,3.0,5.0,5.0,,,,,,,,,,,23.0,12.0,,,,,,,7.0,12.0,,,,,4.0,1.0,,,0.5,0.64,59.0,28.0,25.0,32.0,14.0,16.0,1.0,1.0,1.0,3.0,,,1.67,0.04,0.27,0.06,,,5.0,2.0,3.0,1.0,2.0,1.0,,,,,,,5.0,7.0,2.0,0.0,,,,,1.44,0.84,0.41,0.61,,,8.0,8.0,3.0,2.0,3.0,4.0,,,,,,,,,2.0,5.0,2.0,1.0,,
hWb5u3oA,CROATIA,2025-2026,Hnl 2025 2026,CROATIA Hnl 2025 2026,09/11/2025,14:15,Round 13,Varazdin,Rijeka,1,0,[15],[],bet365,4.0,2.05,3.0,bet365,3.2,3.2,2.15,bet365,1.5,2.5,bet365,3.4,1.3,bet365,10.0,1.06,bet365,1.08,8.0,bet365,1.4,2.75,bet365,2.3,1.6,bet365,4.33,1.2,bet365,10.0,1.06,bet365,2.0,1.73,bet365,1.67,1.36,1.36,,0.0,,0.0,,0.0,,0.0,,0.0,,0.0,,0.0,,0.0,,0.0,,0.0,,0.0,,0.0,,0.0,,0.0,,0.0,,0.0,0.0,,0.0,0.0,,0.0,0.0,,0.0,0.0,,0.0,0.0,,0.0,0.0,,0.0,0.0,,0.0,0.0,,0.0,0.0,,0.0,0.0,,0.0,0.0,0.0,,0.0,0.0,0.0,,0.0,0.0,0.0,,0.0,0.0,0.0,,0.0,0.0,0.0,,0.0,0.0,0.0,,,1.07,0.75,0.83,1.44,0.75,1.07,0.75,0.07,,,0.71,0.87,0.37,0.63,0.52,0.78,2.0,0.0,0.2,0.29,9.0,32.0,3.0,3.0,4.0,11.0,,,,,,,,,,,13.0,38.0,,,,,,,14.0,13.0,,,,,0.0,0.0,,,0.86,0.56,49.0,44.0,48.0,21.0,8.0,7.0,0.0,0.0,0.0,0.0,,,1.01,0.0,0.68,0.46,,,7.0,8.0,2.0,0.0,3.0,3.0,,,,,,,8.0,7.0,0.0,0.0,,,,,0.06,0.75,0.15,0.98,,,2.0,24.0,1.0,3.0,1.0,8.0,,,,,,,,,6.0,6.0,0.0,0.0,,
hEmVwjA5,CROATIA,2025-2026,Hnl 2025 2026,CROATIA Hnl 2025 2026,09/11/2025,12:00,Round 13,Istra 1961,Din. Zagreb,2,1,"[10, 32]",[81],bet365,6.0,2.3,2.1,bet365,5.5,3.9,1.53,bet365,1.36,3.0,bet365,2.63,1.44,bet365,7.0,1.1,bet365,1.04,13.0,bet365,1.25,3.75,bet365,1.83,1.98,bet365,3.0,1.36,bet365,6.0,1.13,bet365,1.91,1.8,bet365,2.38,1.25,1.14,,0.0,,0.0,,0.0,,0.0,,0.0,,0.0,,0.0,,0.0,,0.0,,0.0,,0.0,,0.0,,0.0,,0.0,,0.0,,0.0,0.0,,0.0,0.0,,0.0,0.0,,0.0,0.0,,0.0,0.0,,0.0,0.0,,0.0,0.0,,0.0,0.0,,0.0,0.0,,0.0,0.0,,0.0,0.0,0.0,,0.0,0.0,0.0,,0.0,0.0,0.0,,0.0,0.0,0.0,,0.0,0.0,0.0,,0.0,0.0,0.0,,,1.55,1.63,0.95,1.84,1.63,1.55,0.63,-0.45,,,0.7,0.85,0.21,0.49,0.5,0.79,1.0,1.0,0.33,0.27,6.0,32.0,4.0,6.0,1.0,13.0,,,,,,,,,,,9.0,47.0,,,,,,,12.0,9.0,,,,,0.0,0.0,,,0.6,0.33,51.0,49.0,38.0,11.0,10.0,7.0,0.0,1.0,0.0,1.0,,,1.28,0.33,0.45,0.86,,,4.0,12.0,3.0,2.0,0.0,5.0,,,,,,,6.0,3.0,0.0,0.0,,,,,0.27,1.3,0.5,0.98,,,2.0,20.0,1.0,4.0,1.0,8.0,,,,,,,,,6.0,6.0,0.0,0.0,,
WGAdsPGc,CROATIA,2025-2026,Hnl 2025 2026,CROATIA Hnl 2025 2026,08/11/2025,13:45,Round 13,Hajduk Split,Osijek,2,0,"[5, 94]",[],bet365,2.1,2.3,6.0,bet365,1.5,3.9,5.5,bet365,1.36,3.0,bet365,2.75,1.4,bet365,7.0,1.1,bet365,1.05,11.0,bet365,1.29,3.5,bet365,1.95,1.85,bet365,3.4,1.3,bet365,6.5,1.11,bet365,2.0,1.73,bet365,1.13,1.22,2.38,,0.0,,0.0,,0.0,,0.0,,0.0,,0.0,,0.0,,0.0,,0.0,,0.0,,0.0,,0.0,,0.0,,0.0,,0.0,,0.0,0.0,,0.0,0.0,,0.0,0.0,,0.0,0.0,,0.0,0.0,,0.0,0.0,,0.0,0.0,,0.0,0.0,,0.0,0.0,,0.0,0.0,,0.0,0.0,0.0,,0.0,0.0,0.0,,0.0,0.0,0.0,,0.0,0.0,0.0,,0.0,0.0,0.0,,0.0,0.0,0.0,,,3.23,0.01,1.56,0.33,0.01,3.23,0.01,1.23,,,0.81,0.75,0.44,0.33,0.71,0.52,0.0,0.0,0.3,0.14,23.0,5.0,11.0,1.0,5.0,3.0,,,,,,,,,,,45.0,7.0,,,,,,,18.0,21.0,,,,,1.0,2.0,,,0.76,0.69,65.0,48.0,16.0,33.0,9.0,7.0,0.0,0.0,0.0,0.0,,,0.48,0.01,0.44,0.11,,,4.0,3.0,3.0,1.0,1.0,2.0,,,,,,,7.0,12.0,0.0,2.0,,,,,2.75,0.0,1.12,0.22,,,19.0,2.0,8.0,0.0,4.0,1.0,,,,,,,,,11.0,9.0,1.0,0.0,,
KS3BJLOj,CROATIA,2025-2026,Hnl 2025 2026,CROATIA Hnl 2025 2026,08/11/2025,11:00,Round 13,Lok. Zagreb,Slaven Belupo,1,1,[89],[45],bet365,3.1,2.1,3.4,bet365,2.45,3.1,2.75,bet365,1.4,2.75,bet365,3.0,1.36,bet365,8.0,1.08,bet365,1.06,9.5,bet365,1.3,3.4,bet365,2.0,1.8,bet365,3.4,1.3,bet365,7.0,1.1,bet365,1.73,2.0,bet365,1.4,1.36,1.53,,0.0,,0.0,,0.0,,0.0,,0.0,,0.0,,0.0,,0.0,,0.0,,0.0,,0.0,,0.0,,0.0,,0.0,,0.0,,0.0,0.0,,0.0,0.0,,0.0,0.0,,0.0,0.0,,0.0,0.0,,0.0,0.0,,0.0,0.0,,0.0,0.0,,0.0,0.0,,0.0,0.0,,0.0,0.0,0.0,,0.0,0.0,0.0,,0.0,0.0,0.0,,0.0,0.0,0.0,,0.0,0.0,0.0,,0.0,0.0,0.0,,,2.04,0.92,1.66,0.53,0.92,2.04,-0.08,1.04,,,0.81,0.69,0.46,0.25,0.68,0.4,0.0,0.0,0.22,0.4,16.0,9.0,8.0,3.0,6.0,4.0,,,,,,,,,,,28.0,17.0,,,,,,,20.0,18.0,,,,,3.0,0.0,,,0.71,0.67,51.0,59.0,19.0,33.0,11.0,4.0,0.0,0.0,0.0,0.0,,,0.45,0.92,0.25,0.31,,,7.0,5.0,3.0,3.0,4.0,1.0,,,,,,,10.0,6.0,2.0,0.0,,,,,1.59,0.0,1.41,0.22,,,9.0,4.0,5.0,0.0,2.0,3.0,,,,,,,,,10.0,12.0,1.0,0.0,,
QRowxUvI,CROATIA,2025-2026,Hnl 2025 2026,CROATIA Hnl 2025 2026,07/11/2025,14:00,Round 13,Gorica,Vukovar 1991,1,1,[85],[51],bet365,2.38,2.3,4.75,bet365,1.75,3.75,4.0,bet365,1.33,3.25,bet365,2.63,1.44,bet365,6.5,1.11,bet365,1.04,13.0,bet365,1.25,3.75,bet365,1.8,2.0,bet365,3.0,1.36,bet365,6.0,1.13,bet365,1.73,2.0,bet365,1.22,1.25,2.0,,0.0,,0.0,,0.0,,0.0,,0.0,,0.0,,0.0,,0.0,,0.0,,0.0,,0.0,,0.0,,0.0,,0.0,,0.0,,0.0,0.0,,0.0,0.0,,0.0,0.0,,0.0,0.0,,0.0,0.0,,0.0,0.0,,0.0,0.0,,0.0,0.0,,0.0,0.0,,0.0,0.0,,0.0,0.0,0.0,,0.0,0.0,0.0,,0.0,0.0,0.0,,0.0,0.0,0.0,,0.0,0.0,0.0,,0.0,0.0,0.0,,,0.42,0.37,1.12,1.14,0.37,0.42,-0.55,-0.58,,,0.79,0.77,0.42,0.33,0.67,0.53,0.0,0.0,0.4,0.38,15.0,13.0,2.0,2.0,11.0,7.0,,,,,,,,,,,27.0,21.0,,,,,,,11.0,14.0,,,,,1.0,0.0,,,0.56,0.75,60.0,48.0,21.0,23.0,9.0,12.0,0.0,1.0,0.0,0.0,,,0.17,0.0,0.19,0.38,,,2.0,10.0,1.0,0.0,1.0,6.0,,,,,,,6.0,7.0,0.0,0.0,,,,,0.25,0.37,0.93,0.76,,,13.0,3.0,1.0,2.0,10.0,1.0,,,,,,,,,5.0,7.0,1.0,0.0,,
AVeEsYAt,CROATIA,2025-2026,Hnl 2025 2026,CROATIA Hnl 2025 2026,03/11/2025,14:00,Round 12,Gorica,Lok. Zagreb,4,1,"[4, 6, 33, 77]",[8],bet365,3.5,2.1,3.1,bet365,2.8,3.2,2.35,bet365,1.4,2.75,bet365,3.0,1.36,bet365,8.0,1.08,bet365,1.06,10.0,bet365,1.3,3.4,bet365,2.05,1.75,bet365,3.5,1.29,bet365,7.0,1.1,bet365,1.8,1.91,bet365,1.53,1.33,1.36,,0.0,,0.0,,0.0,,0.0,,0.0,,0.0,,0.0,,0.0,,0.0,,0.0,,0.0,,0.0,,0.0,,0.0,,0.0,,0.0,0.0,,0.0,0.0,,0.0,0.0,,0.0,0.0,,0.0,0.0,,0.0,0.0,,0.0,0.0,,0.0,0.0,,0.0,0.0,,0.0,0.0,,0.0,0.0,0.0,,0.0,0.0,0.0,,0.0,0.0,0.0,,0.0,0.0,0.0,,0.0,0.0,0.0,,0.0,0.0,0.0,,,2.36,0.16,0.97,0.47,0.16,2.36,0.16,-0.64,,,0.71,0.86,0.26,0.6,0.57,0.72,2.0,0.0,0.13,0.1,10.0,10.0,7.0,1.0,3.0,6.0,,,,,,,,,,,12.0,17.0,,,,,,,11.0,17.0,,,,,2.0,1.0,,,0.67,0.73,55.0,48.0,27.0,11.0,9.0,8.0,0.0,1.0,0.0,1.0,,,1.97,0.0,0.68,0.2,,,8.0,4.0,6.0,0.0,2.0,3.0,,,,,,,3.0,7.0,2.0,1.0,,,,,0.39,0.16,0.29,0.27,,,2.0,6.0,1.0,1.0,1.0,3.0,,,,,,,,,8.0,10.0,0.0,0.0,,
biSePjeC,CROATIA,2025-2026,Hnl 2025 2026,CROATIA Hnl 2025 2026,02/11/2025,14:15,Round 12,Osijek,Varazdin,0,0,[],[],bet365,2.88,2.1,4.0,bet365,2.1,3.25,3.2,bet365,1.4,2.75,bet365,3.0,1.36,bet365,8.0,1.08,bet365,1.06,10.0,bet365,1.33,3.25,bet365,2.05,1.75,bet365,3.75,1.25,bet365,8.0,1.08,bet365,1.8,1.91,bet365,1.33,1.3,1.62,,0.0,,0.0,,0.0,,0.0,,0.0,,0.0,,0.0,,0.0,,0.0,,0.0,,0.0,,0.0,,0.0,,0.0,,0.0,,0.0,0.0,,0.0,0.0,,0.0,0.0,,0.0,0.0,,0.0,0.0,,0.0,0.0,,0.0,0.0,,0.0,0.0,,0.0,0.0,,0.0,0.0,,0.0,0.0,0.0,,0.0,0.0,0.0,,0.0,0.0,0.0,,0.0,0.0,0.0,,0.0,0.0,0.0,,0.0,0.0,0.0,,,0.34,0.25,0.57,0.24,0.25,0.34,0.25,0.34,,,0.83,0.79,0.64,0.48,0.68,0.65,0.0,0.0,0.24,0.18,9.0,14.0,2.0,4.0,5.0,6.0,,,,,,,,,,,24.0,9.0,,,,,,,16.0,8.0,,,,,3.0,0.0,,,0.6,0.7,41.0,45.0,14.0,44.0,9.0,10.0,0.0,1.0,0.0,0.0,,,0.22,0.25,0.22,0.18,,,3.0,11.0,1.0,4.0,2.0,4.0,,,,,,,9.0,5.0,1.0,0.0,,,,,0.12,0.0,0.35,0.06,,,6.0,3.0,1.0,0.0,3.0,2.0,,,,,,,,,7.0,3.0,2.0,0.0,,
6HV3NUPO,CROATIA,2025-2026,Hnl 2025 2026,CROATIA Hnl 2025 2026,02/11/2025,12:00,Round 12,Slaven Belupo,Hajduk Split,0,0,[],[],bet365,4.5,2.05,2.63,bet365,3.6,3.3,1.95,bet365,1.44,2.63,bet365,3.25,1.33,bet365,9.0,1.07,bet365,1.07,8.5,bet365,1.36,3.0,bet365,2.2,1.65,bet365,4.0,1.22,bet365,9.0,1.07,bet365,2.0,1.73,bet365,1.8,1.33,1.29,,0.0,,0.0,,0.0,,0.0,,0.0,,0.0,,0.0,,0.0,,0.0,,0.0,,0.0,,0.0,,0.0,,0.0,,0.0,,0.0,0.0,,0.0,0.0,,0.0,0.0,,0.0,0.0,,0.0,0.0,,0.0,0.0,,0.0,0.0,,0.0,0.0,,0.0,0.0,,0.0,0.0,,0.0,0.0,0.0,,0.0,0.0,0.0,,0.0,0.0,0.0,,0.0,0.0,0.0,,0.0,0.0,0.0,,0.0,0.0,0.0,,,0.28,0.16,0.54,0.97,0.16,0.28,0.16,0.28,,,0.68,0.78,0.41,0.4,0.52,0.63,0.0,0.0,0.23,0.12,12.0,13.0,2.0,2.0,6.0,6.0,,,,,,,,,,,16.0,18.0,,,,,,,17.0,11.0,,,,,3.0,1.0,,,0.5,0.64,44.0,56.0,20.0,22.0,5.0,4.0,0.0,0.0,0.0,0.0,,,0.12,0.07,0.41,0.74,,,6.0,5.0,1.0,1.0,1.0,3.0,,,,,,,9.0,6.0,1.0,1.0,,,,,0.16,0.09,0.13,0.23,,,6.0,8.0,1.0,1.0,5.0,3.0,,,,,,,,,8.0,5.0,2.0,0.0,,
dnfMuCug,CROATIA,2025-2026,Hnl 2025 2026,CROATIA Hnl 2025 2026,01/11/2025,14:45,Round 12,Istra 1961,Vukovar 1991,1,1,[10],[13],bet365,2.2,2.3,5.5,bet365,1.6,4.0,4.75,bet365,1.36,3.0,bet365,2.63,1.44,bet365,7.0,1.1,bet365,1.04,13.0,bet365,1.25,3.75,bet365,1.85,1.95,bet365,3.25,1.33,bet365,6.0,1.13,bet365,1.83,1.83,bet365,1.18,1.22,2.3,,0.0,,0.0,,0.0,,0.0,,0.0,,0.0,,0.0,,0.0,,0.0,,0.0,,0.0,,0.0,,0.0,,0.0,,0.0,,0.0,0.0,,0.0,0.0,,0.0,0.0,,0.0,0.0,,0.0,0.0,,0.0,0.0,,0.0,0.0,,0.0,0.0,,0.0,0.0,,0.0,0.0,,0.0,0.0,0.0,,0.0,0.0,0.0,,0.0,0.0,0.0,,0.0,0.0,0.0,,0.0,0.0,0.0,,0.0,0.0,0.0,,,1.63,1.69,1.52,0.55,1.69,1.63,0.69,0.63,,,0.81,0.72,0.53,0.31,0.71,0.52,4.0,0.0,0.47,0.24,12.0,13.0,4.0,4.0,5.0,7.0,,,,,,,,,,,24.0,20.0,,,,,,,10.0,6.0,,,,,3.0,2.0,,,0.77,0.74,29.0,42.0,35.0,27.0,7.0,19.0,1.0,0.0,0.0,0.0,,,1.63,1.36,1.12,0.42,,,9.0,7.0,4.0,3.0,4.0,3.0,,,,,,,5.0,1.0,3.0,0.0,,,,,0.0,0.33,0.4,0.13,,,3.0,6.0,0.0,1.0,1.0,4.0,,,,,,,,,5.0,5.0,0.0,2.0,,
2PYnRCQa,CROATIA,2025-2026,Hnl 2025 2026,CROATIA Hnl 2025 2026,01/11/2025,12:00,Round 12,Din. Zagreb,Rijeka,2,1,"[29, 84]",[58],bet365,2.2,2.25,5.5,bet365,1.57,3.9,4.75,bet365,1.36,3.0,bet365,2.75,1.4,bet365,8.0,1.08,bet365,1.05,11.0,bet365,1.29,3.5,bet365,1.95,1.85,bet365,3.4,1.3,bet365,6.5,1.11,bet365,2.0,1.73,bet365,1.17,1.22,2.2,,0.0,,0.0,,0.0,,0.0,,0.0,,0.0,,0.0,,0.0,,0.0,,0.0,,0.0,,0.0,,0.0,,0.0,,0.0,,0.0,0.0,,0.0,0.0,,0.0,0.0,,0.0,0.0,,0.0,0.0,,0.0,0.0,,0.0,0.0,,0.0,0.0,,0.0,0.0,,0.0,0.0,,0.0,0.0,0.0,,0.0,0.0,0.0,,0.0,0.0,0.0,,0.0,0.0,0.0,,0.0,0.0,0.0,,0.0,0.0,0.0,,,1.39,1.41,0.41,1.03,1.41,1.39,0.41,-0.61,,,0.8,0.82,0.45,0.43,0.72,0.56,1.0,1.0,0.39,0.25,10.0,12.0,5.0,4.0,3.0,6.0,,,,,,,,,,,20.0,15.0,,,,,,,12.0,10.0,,,,,3.0,1.0,,,0.58,0.63,37.0,38.0,20.0,17.0,9.0,11.0,0.0,0.0,0.0,0.0,,,0.42,0.0,0.2,0.2,,,4.0,2.0,2.0,0.0,1.0,1.0,,,,,,,6.0,5.0,2.0,0.0,,,,,0.97,1.41,0.21,0.83,,,6.0,10.0,3.0,4.0,2.0,5.0,,,,,,,,,6.0,5.0,1.0,1.0,,
G8A5EZtf,CROATIA,2025-2026,Hnl 2025 2026,CROATIA Hnl 2025 2026,27/10/2025,15:00,Round 11,Vukovar 1991,Din. Zagreb,1,0,[53],[],bet365,8.5,2.88,1.62,bet365,10.0,5.75,1.27,bet365,1.22,4.0,bet365,2.0,1.73,bet365,4.33,1.2,bet365,1.02,19.0,bet365,1.13,6.0,bet365,1.44,2.7,bet365,2.0,1.73,bet365,3.5,1.29,bet365,1.8,1.91,bet365,3.75,1.14,1.06,,0.0,,0.0,,0.0,,0.0,,0.0,,0.0,,0.0,,0.0,,0.0,,0.0,,0.0,,0.0,,0.0,,0.0,,0.0,,0.0,0.0,,0.0,0.0,,0.0,0.0,,0.0,0.0,,0.0,0.0,,0.0,0.0,,0.0,0.0,,0.0,0.0,,0.0,0.0,,0.0,0.0,,0.0,0.0,0.0,,0.0,0.0,0.0,,0.0,0.0,0.0,,0.0,0.0,0.0,,0.0,0.0,0.0,,0.0,0.0,0.0,,,1.7,0.18,0.45,0.83,0.18,1.7,0.18,0.7,,,0.62,0.83,0.35,0.45,0.44,0.7,0.0,0.0,0.14,0.13,11.0,11.0,6.0,4.0,2.0,2.0,,,,,,,,,,,12.0,21.0,,,,,,,24.0,12.0,,,,,3.0,0.0,,,0.62,0.73,39.0,62.0,35.0,14.0,8.0,4.0,0.0,0.0,0.0,0.0,,,0.09,0.08,0.07,0.31,,,2.0,4.0,2.0,2.0,0.0,0.0,,,,,,,13.0,4.0,1.0,0.0,,,,,1.61,0.1,0.38,0.52,,,9.0,7.0,4.0,2.0,2.0,2.0,,,,,,,,,11.0,8.0,2.0,0.0,,
UBzuTYem,CROATIA,2025-2026,Hnl 2025 2026,CROATIA Hnl 2025 2026,27/10/2025,12:30,Round 11,Rijeka,Osijek,4,2,"[9, 38, 47, 54]","[2, 74]",bet365,2.5,2.2,4.5,bet365,1.85,3.3,3.9,bet365,1.4,2.75,bet365,3.0,1.36,bet365,8.0,1.08,bet365,1.06,10.0,bet365,1.3,3.4,bet365,2.03,1.78,bet365,3.5,1.29,bet365,7.0,1.1,bet365,1.83,1.83,bet365,1.22,1.3,1.8,,0.0,,0.0,,0.0,,0.0,,0.0,,0.0,,0.0,,0.0,,0.0,,0.0,,0.0,,0.0,,0.0,,0.0,,0.0,,0.0,0.0,,0.0,0.0,,0.0,0.0,,0.0,0.0,,0.0,0.0,,0.0,0.0,,0.0,0.0,,0.0,0.0,,0.0,0.0,,0.0,0.0,,0.0,0.0,0.0,,0.0,0.0,0.0,,0.0,0.0,0.0,,0.0,0.0,0.0,,0.0,0.0,0.0,,0.0,0.0,0.0,,,3.48,0.7,1.67,0.81,0.7,3.48,-1.3,-0.52,,,0.84,0.77,0.5,0.35,0.69,0.58,3.0,0.0,0.52,0.15,24.0,8.0,10.0,3.0,8.0,3.0,,,,,,,,,,,26.0,15.0,,,,,,,9.0,20.0,,,,,1.0,0.0,,,0.5,0.64,59.0,48.0,29.0,28.0,3.0,7.0,0.0,0.0,1.0,0.0,,,1.76,0.02,0.29,0.26,,,12.0,4.0,5.0,1.0,5.0,2.0,,,,,,,4.0,11.0,0.0,0.0,,,,,1.72,0.68,1.38,0.55,,,12.0,4.0,5.0,2.0,3.0,1.0,,,,,,,,,5.0,9.0,1.0,0.0,,
Cff8YfYP,CROATIA,2025-2026,Hnl 2025 2026,CROATIA Hnl 2025 2026,25/10/2025,13:00,Round 11,Varazdin,Slaven Belupo,1,3,[35],"[24, 32, 57]",bet365,2.88,2.1,3.75,bet365,2.2,3.2,3.1,bet365,1.4,2.75,bet365,3.0,1.36,bet365,8.0,1.08,bet365,1.06,10.0,bet365,1.33,3.25,bet365,2.05,1.75,bet365,3.75,1.25,bet365,8.0,1.08,bet365,1.8,1.91,bet365,1.36,1.36,1.67,,0.0,,0.0,,0.0,,0.0,,0.0,,0.0,,0.0,,0.0,,0.0,,0.0,,0.0,,0.0,,0.0,,0.0,,0.0,,0.0,0.0,,0.0,0.0,,0.0,0.0,,0.0,0.0,,0.0,0.0,,0.0,0.0,,0.0,0.0,,0.0,0.0,,0.0,0.0,,0.0,0.0,,0.0,0.0,0.0,,0.0,0.0,0.0,,0.0,0.0,0.0,,0.0,0.0,0.0,,0.0,0.0,0.0,,0.0,0.0,0.0,,,0.53,3.01,0.8,0.7,3.01,0.53,0.01,-0.47,,,0.82,0.74,0.59,0.48,0.72,0.53,0.0,2.0,0.17,0.21,16.0,14.0,2.0,6.0,6.0,7.0,,,,,,,,,,,18.0,13.0,,,,,,,11.0,16.0,,,,,0.0,0.0,,,0.44,0.68,54.0,56.0,20.0,33.0,2.0,6.0,1.0,1.0,0.0,1.0,,,0.53,1.81,0.17,0.26,,,8.0,6.0,2.0,4.0,2.0,1.0,,,,,,,4.0,5.0,0.0,0.0,,,,,0.0,1.2,0.63,0.44,,,8.0,8.0,0.0,2.0,4.0,6.0,,,,,,,,,7.0,11.0,0.0,0.0,,
OYDDCDB6,CROATIA,2025-2026,Hnl 2025 2026,CROATIA Hnl 2025 2026,25/10/2025,10:45,Round 11,Lok. Zagreb,Istra 1961,1,2,[15],"[46, 83]",bet365,3.0,2.1,3.6,bet365,2.3,3.2,3.0,bet365,1.44,2.63,bet365,3.0,1.36,bet365,9.0,1.07,bet365,1.07,9.0,bet365,1.33,3.25,bet365,2.1,1.7,bet365,3.75,1.25,bet365,8.0,1.08,bet365,1.83,1.83,bet365,1.36,1.36,1.57,,0.0,,0.0,,0.0,,0.0,,0.0,,0.0,,0.0,,0.0,,0.0,,0.0,,0.0,,0.0,,0.0,,0.0,,0.0,,0.0,0.0,,0.0,0.0,,0.0,0.0,,0.0,0.0,,0.0,0.0,,0.0,0.0,,0.0,0.0,,0.0,0.0,,0.0,0.0,,0.0,0.0,,0.0,0.0,0.0,,0.0,0.0,0.0,,0.0,0.0,0.0,,0.0,0.0,0.0,,0.0,0.0,0.0,,0.0,0.0,0.0,,,1.39,1.38,1.15,1.21,1.38,1.39,-0.62,0.39,,,0.83,0.82,0.43,0.4,0.67,0.65,1.0,0.0,0.32,0.18,14.0,6.0,3.0,2.0,8.0,3.0,,,,,,,,,,,24.0,13.0,,,,,,,11.0,13.0,,,,,4.0,0.0,,,0.53,0.53,43.0,48.0,21.0,24.0,5.0,8.0,0.0,0.0,0.0,0.0,,,0.98,0.39,0.46,0.09,,,6.0,2.0,1.0,1.0,4.0,1.0,,,,,,,4.0,7.0,0.0,0.0,,,,,0.41,0.99,0.69,1.12,,,8.0,4.0,2.0,1.0,4.0,2.0,,,,,,,,,7.0,6.0,4.0,0.0,,
pl2MAitJ,CROATIA,2025-2026,Hnl 2025 2026,CROATIA Hnl 2025 2026,24/10/2025,13:00,Round 11,Gorica,Hajduk Split,1,3,[76],"[4, 53, 67]",bet365,5.5,2.1,2.4,bet365,4.0,3.7,1.75,bet365,1.44,2.63,bet365,3.25,1.33,bet365,10.0,1.06,bet365,1.06,10.0,bet365,1.4,2.75,bet365,2.2,1.65,bet365,4.0,1.22,bet365,9.0,1.07,bet365,2.1,1.67,bet365,2.0,1.29,1.22,,0.0,,0.0,,0.0,,0.0,,0.0,,0.0,,0.0,,0.0,,0.0,,0.0,,0.0,,0.0,,0.0,,0.0,,0.0,,0.0,0.0,,0.0,0.0,,0.0,0.0,,0.0,0.0,,0.0,0.0,,0.0,0.0,,0.0,0.0,,0.0,0.0,,0.0,0.0,,0.0,0.0,,0.0,0.0,0.0,,0.0,0.0,0.0,,0.0,0.0,0.0,,0.0,0.0,0.0,,0.0,0.0,0.0,,0.0,0.0,0.0,,,1.14,2.93,1.18,1.53,2.93,1.14,-0.07,0.14,,,0.79,0.81,0.4,0.62,0.66,0.69,1.0,2.0,0.17,0.43,9.0,13.0,3.0,8.0,4.0,4.0,,,,,,,,,,,14.0,25.0,,,,,,,15.0,12.0,,,,,1.0,3.0,,,0.63,0.67,41.0,65.0,17.0,32.0,6.0,4.0,0.0,0.0,0.0,0.0,,,0.0,0.92,0.03,0.85,,,1.0,6.0,0.0,3.0,1.0,2.0,,,,,,,8.0,5.0,0.0,3.0,,,,,1.14,2.01,1.15,0.68,,,8.0,7.0,3.0,5.0,3.0,2.0,,,,,,,,,7.0,7.0,1.0,0.0,,
bHBnbEdD,CROATIA,2025-2026,Hnl 2025 2026,CROATIA Hnl 2025 2026,19/10/2025,13:15,Round 10,Gorica,Varazdin,1,3,[76],"[7, 36, 47]",bet365,3.4,2.05,3.5,bet365,2.7,3.0,2.8,bet365,1.5,2.5,bet365,3.4,1.3,bet365,10.0,1.06,bet365,1.08,8.0,bet365,1.36,3.0,bet365,2.25,1.62,bet365,4.0,1.22,bet365,9.0,1.07,bet365,1.91,1.8,bet365,1.4,1.36,1.44,,0.0,,0.0,,0.0,,0.0,,0.0,,0.0,,0.0,,0.0,,0.0,,0.0,,0.0,,0.0,,0.0,,0.0,,0.0,,0.0,0.0,,0.0,0.0,,0.0,0.0,,0.0,0.0,,0.0,0.0,,0.0,0.0,,0.0,0.0,,0.0,0.0,,0.0,0.0,,0.0,0.0,,0.0,0.0,0.0,,0.0,0.0,0.0,,0.0,0.0,0.0,,0.0,0.0,0.0,,0.0,0.0,0.0,,0.0,0.0,0.0,,,0.98,2.68,1.62,0.78,2.68,0.98,-0.32,-0.02,,,0.85,0.77,0.55,0.42,0.67,0.64,4.0,1.0,0.4,0.17,12.0,8.0,4.0,4.0,6.0,3.0,,,,,,,,,,,22.0,14.0,,,,,,,7.0,15.0,,,,,4.0,1.0,,,0.58,0.82,39.0,39.0,14.0,17.0,8.0,7.0,1.0,0.0,0.0,0.0,,,0.01,1.91,0.38,0.72,,,4.0,6.0,1.0,3.0,2.0,2.0,,,,,,,4.0,4.0,1.0,1.0,,,,,0.97,0.77,1.24,0.06,,,8.0,2.0,3.0,1.0,4.0,1.0,,,,,,,,,3.0,11.0,3.0,0.0,,
EPgZLHlK,CROATIA,2025-2026,Hnl 2025 2026,CROATIA Hnl 2025 2026,19/10/2025,11:00,Round 10,Istra 1961,Hajduk Split,0,3,[],"[22, 42, 77]",bet365,4.0,2.0,3.0,bet365,3.3,3.2,2.2,bet365,1.5,2.5,bet365,3.5,1.29,bet365,11.0,1.05,bet365,1.08,8.0,bet365,1.44,2.63,bet365,2.4,1.53,bet365,4.5,1.18,bet365,11.0,1.05,bet365,2.0,1.73,bet365,1.67,1.36,1.33,,0.0,,0.0,,0.0,,0.0,,0.0,,0.0,,0.0,,0.0,,0.0,,0.0,,0.0,,0.0,,0.0,,0.0,,0.0,,0.0,0.0,,0.0,0.0,,0.0,0.0,,0.0,0.0,,0.0,0.0,,0.0,0.0,,0.0,0.0,,0.0,0.0,,0.0,0.0,,0.0,0.0,,0.0,0.0,0.0,,0.0,0.0,0.0,,0.0,0.0,0.0,,0.0,0.0,0.0,,0.0,0.0,0.0,,0.0,0.0,0.0,,,0.37,2.2,1.18,0.66,2.2,0.37,-0.8,0.37,,,0.78,0.77,0.42,0.47,0.7,0.63,1.0,0.0,0.26,0.22,16.0,14.0,2.0,6.0,10.0,5.0,,,,,,,,,,,24.0,32.0,,,,,,,13.0,17.0,,,,,2.0,4.0,,,0.53,0.61,56.0,70.0,21.0,19.0,10.0,8.0,1.0,0.0,0.0,0.0,,,0.0,1.34,0.44,0.55,,,4.0,9.0,0.0,3.0,1.0,3.0,,,,,,,7.0,5.0,0.0,1.0,,,,,0.37,0.86,0.74,0.11,,,12.0,5.0,2.0,3.0,9.0,2.0,,,,,,,,,6.0,12.0,2.0,3.0,,
UyKV1dcl,CROATIA,2025-2026,Hnl 2025 2026,CROATIA Hnl 2025 2026,18/10/2025,13:00,Round 10,Din. Zagreb,Osijek,2,1,"[3, 14]",[70],bet365,1.8,2.6,7.5,bet365,1.36,5.0,8.0,bet365,1.29,3.5,bet365,2.38,1.53,bet365,5.5,1.14,bet365,1.03,17.0,bet365,1.18,4.5,bet365,1.6,2.3,bet365,2.5,1.5,bet365,4.33,1.2,bet365,1.91,1.8,bet365,1.08,1.17,3.0,,0.0,,0.0,,0.0,,0.0,,0.0,,0.0,,0.0,,0.0,,0.0,,0.0,,0.0,,0.0,,0.0,,0.0,,0.0,,0.0,0.0,,0.0,0.0,,0.0,0.0,,0.0,0.0,,0.0,0.0,,0.0,0.0,,0.0,0.0,,0.0,0.0,,0.0,0.0,,0.0,0.0,,0.0,0.0,0.0,,0.0,0.0,0.0,,0.0,0.0,0.0,,0.0,0.0,0.0,,0.0,0.0,0.0,,0.0,0.0,0.0,,,0.91,0.55,0.66,0.42,0.55,0.91,-0.45,-1.09,,,0.83,0.84,0.41,0.47,0.71,0.71,1.0,1.0,0.17,0.0,9.0,4.0,2.0,1.0,3.0,2.0,,,,,,,,,,,18.0,6.0,,,,,,,11.0,13.0,,,,,1.0,0.0,,,0.75,0.7,41.0,49.0,19.0,24.0,5.0,9.0,0.0,0.0,0.0,0.0,,,0.91,0.0,0.41,0.24,,,6.0,3.0,2.0,0.0,2.0,2.0,,,,,,,4.0,5.0,0.0,0.0,,,,,0.0,0.55,0.25,0.18,,,3.0,1.0,0.0,1.0,1.0,0.0,,,,,,,,,7.0,8.0,1.0,0.0,,
ji8v0zS0,CROATIA,2025-2026,Hnl 2025 2026,CROATIA Hnl 2025 2026,18/10/2025,10:30,Round 10,Slaven Belupo,Rijeka,1,1,[74],[49],bet365,4.33,2.1,2.75,bet365,3.75,3.3,2.05,bet365,1.44,2.63,bet365,3.25,1.33,bet365,9.0,1.07,bet365,1.07,9.0,bet365,1.36,3.0,bet365,2.2,1.65,bet365,4.0,1.22,bet365,9.0,1.07,bet365,1.91,1.8,bet365,1.73,1.33,1.25,,0.0,,0.0,,0.0,,0.0,,0.0,,0.0,,0.0,,0.0,,0.0,,0.0,,0.0,,0.0,,0.0,,0.0,,0.0,,0.0,0.0,,0.0,0.0,,0.0,0.0,,0.0,0.0,,0.0,0.0,,0.0,0.0,,0.0,0.0,,0.0,0.0,,0.0,0.0,,0.0,0.0,,0.0,0.0,0.0,,0.0,0.0,0.0,,0.0,0.0,0.0,,0.0,0.0,0.0,,0.0,0.0,0.0,,0.0,0.0,0.0,,,0.53,0.56,0.61,0.79,0.56,0.53,-0.44,-0.47,,,0.77,0.76,0.35,0.51,0.59,0.64,0.0,0.0,0.25,0.22,14.0,13.0,5.0,3.0,5.0,7.0,,,,,,,,,,,18.0,29.0,,,,,,,13.0,12.0,,,,,1.0,0.0,,,0.73,0.62,50.0,63.0,45.0,26.0,16.0,5.0,1.0,2.0,0.0,1.0,,,0.13,0.56,0.08,0.47,,,5.0,7.0,3.0,3.0,2.0,3.0,,,,,,,5.0,5.0,1.0,0.0,,,,,0.4,0.0,0.53,0.32,,,9.0,6.0,2.0,0.0,3.0,4.0,,,,,,,,,8.0,7.0,0.0,0.0,,
Aeu5GeCs,CROATIA,2025-2026,Hnl 2025 2026,CROATIA Hnl 2025 2026,17/10/2025,13:00,Round 10,Vukovar 1991,Lok. Zagreb,1,1,[87],[65],bet365,3.75,2.2,2.75,bet365,3.3,3.4,2.1,bet365,1.36,3.0,bet365,2.75,1.4,bet365,7.0,1.1,bet365,1.05,11.0,bet365,1.29,3.5,bet365,1.9,1.9,bet365,3.25,1.33,bet365,6.5,1.11,bet365,1.73,2.0,bet365,1.7,1.3,1.33,,0.0,,0.0,,0.0,,0.0,,0.0,,0.0,,0.0,,0.0,,0.0,,0.0,,0.0,,0.0,,0.0,,0.0,,0.0,,0.0,0.0,,0.0,0.0,,0.0,0.0,,0.0,0.0,,0.0,0.0,,0.0,0.0,,0.0,0.0,,0.0,0.0,,0.0,0.0,,0.0,0.0,,0.0,0.0,0.0,,0.0,0.0,0.0,,0.0,0.0,0.0,,0.0,0.0,0.0,,0.0,0.0,0.0,,0.0,0.0,0.0,,,0.86,0.84,0.44,1.12,0.84,0.86,-0.16,-0.14,,,0.7,0.77,0.19,0.57,0.57,0.61,1.0,0.0,0.25,0.3,5.0,15.0,3.0,2.0,2.0,10.0,,,,,,,,,,,12.0,24.0,,,,,,,13.0,18.0,,,,,1.0,2.0,,,0.6,0.88,54.0,58.0,39.0,37.0,11.0,9.0,1.0,0.0,0.0,1.0,,,0.01,0.0,0.13,0.39,,,3.0,5.0,1.0,0.0,2.0,4.0,,,,,,,3.0,8.0,1.0,1.0,,,,,0.85,0.84,0.31,0.73,,,2.0,10.0,2.0,2.0,0.0,6.0,,,,,,,,,10.0,10.0,0.0,1.0,,
UHelkJDr,CROATIA,2025-2026,Hnl 2025 2026,CROATIA Hnl 2025 2026,05/10/2025,13:45,Round 9,Lok. Zagreb,Din. Zagreb,2,1,"[21, 61]",[67],bet365,6.5,2.5,1.91,bet365,6.5,4.33,1.4,bet365,1.29,3.5,bet365,2.38,1.53,bet365,5.5,1.14,bet365,1.03,15.0,bet365,1.18,4.5,bet365,1.62,2.25,bet365,2.5,1.5,bet365,4.5,1.18,bet365,1.8,1.91,bet365,2.63,1.18,1.1,,0.0,,0.0,,0.0,,0.0,,0.0,,0.0,,0.0,,0.0,,0.0,,0.0,,0.0,,0.0,,0.0,,0.0,,0.0,,0.0,0.0,,0.0,0.0,,0.0,0.0,,0.0,0.0,,0.0,0.0,,0.0,0.0,,0.0,0.0,,0.0,0.0,,0.0,0.0,,0.0,0.0,,0.0,0.0,0.0,,0.0,0.0,0.0,,0.0,0.0,0.0,,0.0,0.0,0.0,,0.0,0.0,0.0,,0.0,0.0,0.0,,,1.85,1.34,0.35,1.24,1.34,1.85,0.34,-0.15,,,0.73,0.82,0.36,0.39,0.55,0.72,1.0,0.0,0.33,0.28,7.0,17.0,2.0,8.0,4.0,5.0,,,,,,,,,,,7.0,36.0,,,,,,,19.0,17.0,,,,,1.0,0.0,,,0.76,0.73,57.0,54.0,45.0,13.0,9.0,5.0,0.0,0.0,0.0,0.0,,,0.93,0.16,0.14,0.38,,,3.0,8.0,1.0,4.0,1.0,4.0,,,,,,,9.0,5.0,0.0,0.0,,,,,0.92,1.18,0.21,0.86,,,4.0,9.0,1.0,4.0,3.0,1.0,,,,,,,,,10.0,12.0,1.0,0.0,,
4fzi9v5E,CROATIA,2025-2026,Hnl 2025 2026,CROATIA Hnl 2025 2026,05/10/2025,10:45,Round 9,Gorica,Rijeka,1,3,[79],"[22, 67, 82]",bet365,4.0,2.05,2.88,bet365,3.25,3.25,2.1,bet365,1.5,2.5,bet365,3.4,1.3,bet365,10.0,1.06,bet365,1.08,8.0,bet365,1.4,2.75,bet365,2.3,1.6,bet365,4.33,1.2,bet365,10.0,1.06,bet365,2.0,1.73,bet365,1.7,1.33,1.33,,0.0,,0.0,,0.0,,0.0,,0.0,,0.0,,0.0,,0.0,,0.0,,0.0,,0.0,,0.0,,0.0,,0.0,,0.0,,0.0,0.0,,0.0,0.0,,0.0,0.0,,0.0,0.0,,0.0,0.0,,0.0,0.0,,0.0,0.0,,0.0,0.0,,0.0,0.0,,0.0,0.0,,0.0,0.0,0.0,,0.0,0.0,0.0,,0.0,0.0,0.0,,0.0,0.0,0.0,,0.0,0.0,0.0,,0.0,0.0,0.0,,,1.11,2.14,0.4,0.33,2.14,1.11,-0.86,0.11,,,0.86,0.78,0.45,0.46,0.68,0.63,0.0,1.0,0.11,0.11,14.0,13.0,6.0,5.0,6.0,5.0,,,,,,,,,,,14.0,18.0,,,,,,,9.0,11.0,,,,,2.0,3.0,,,0.75,0.77,47.0,39.0,15.0,31.0,12.0,13.0,1.0,0.0,0.0,2.0,,,0.24,1.19,0.25,0.27,,,11.0,7.0,4.0,2.0,6.0,3.0,,,,,,,6.0,7.0,0.0,2.0,,,,,0.87,0.95,0.15,0.06,,,3.0,6.0,2.0,3.0,0.0,2.0,,,,,,,,,3.0,4.0,2.0,1.0,,
0MTa7IZQ,CROATIA,2025-2026,Hnl 2025 2026,CROATIA Hnl 2025 2026,04/10/2025,13:00,Round 9,Slaven Belupo,Osijek,2,1,"[7, 59]",[93],bet365,3.75,2.2,2.88,bet365,3.0,3.4,2.15,bet365,1.4,2.75,bet365,2.75,1.4,bet365,8.0,1.08,bet365,1.05,11.0,bet365,1.29,3.5,bet365,1.95,1.85,bet365,3.4,1.3,bet365,6.5,1.11,bet365,1.73,2.0,bet365,1.67,1.3,1.36,,0.0,,0.0,,0.0,,0.0,,0.0,,0.0,,0.0,,0.0,,0.0,,0.0,,0.0,,0.0,,0.0,,0.0,,0.0,,0.0,0.0,,0.0,0.0,,0.0,0.0,,0.0,0.0,,0.0,0.0,,0.0,0.0,,0.0,0.0,,0.0,0.0,,0.0,0.0,,0.0,0.0,,0.0,0.0,0.0,,0.0,0.0,0.0,,0.0,0.0,0.0,,0.0,0.0,0.0,,0.0,0.0,0.0,,0.0,0.0,0.0,,,1.29,1.23,0.47,0.72,1.23,1.29,0.23,-0.71,,,0.72,0.81,0.39,0.41,0.62,0.68,0.0,0.0,0.22,0.26,9.0,17.0,4.0,4.0,2.0,7.0,,,,,,,,,,,18.0,22.0,,,,,,,19.0,17.0,,,,,1.0,0.0,,,0.57,0.8,70.0,64.0,35.0,29.0,9.0,6.0,0.0,1.0,0.0,0.0,,,0.72,0.18,0.37,0.43,,,7.0,8.0,3.0,2.0,1.0,1.0,,,,,,,6.0,7.0,0.0,0.0,,,,,0.57,1.05,0.1,0.29,,,2.0,9.0,1.0,2.0,1.0,6.0,,,,,,,,,13.0,10.0,1.0,0.0,,
GYgdmcre,CROATIA,2025-2026,Hnl 2025 2026,CROATIA Hnl 2025 2026,04/10/2025,10:45,Round 9,Vukovar 1991,Hajduk Split,0,1,[],[77],bet365,7.0,2.3,2.0,bet365,6.5,4.2,1.45,bet365,1.36,3.0,bet365,2.75,1.4,bet365,7.0,1.1,bet365,1.05,11.0,bet365,1.29,3.5,bet365,1.9,1.9,bet365,3.25,1.33,bet365,6.5,1.11,bet365,2.1,1.67,bet365,2.63,1.22,1.11,,0.0,,0.0,,0.0,,0.0,,0.0,,0.0,,0.0,,0.0,,0.0,,0.0,,0.0,,0.0,,0.0,,0.0,,0.0,,0.0,0.0,,0.0,0.0,,0.0,0.0,,0.0,0.0,,0.0,0.0,,0.0,0.0,,0.0,0.0,,0.0,0.0,,0.0,0.0,,0.0,0.0,,0.0,0.0,0.0,,0.0,0.0,0.0,,0.0,0.0,0.0,,0.0,0.0,0.0,,0.0,0.0,0.0,,0.0,0.0,0.0,,,0.24,0.76,0.15,1.56,0.76,0.24,-0.24,0.24,,,0.64,0.85,0.22,0.47,0.45,0.69,0.0,0.0,0.17,0.22,6.0,15.0,2.0,3.0,1.0,7.0,,,,,,,,,,,7.0,27.0,,,,,,,17.0,13.0,,,,,2.0,3.0,,,0.76,0.62,47.0,68.0,41.0,26.0,13.0,8.0,0.0,1.0,0.0,0.0,,,0.24,0.42,0.08,0.59,,,4.0,4.0,2.0,1.0,1.0,2.0,,,,,,,8.0,4.0,1.0,1.0,,,,,0.0,0.34,0.07,0.97,,,2.0,11.0,0.0,2.0,0.0,5.0,,,,,,,,,9.0,9.0,1.0,2.0,,
C0m5oyD7,CROATIA,2025-2026,Hnl 2025 2026,CROATIA Hnl 2025 2026,03/10/2025,13:00,Round 9,Istra 1961,Varazdin,1,0,[64],[],bet365,2.88,2.1,3.75,bet365,2.2,3.1,3.2,bet365,1.44,2.63,bet365,3.25,1.33,bet365,9.0,1.07,bet365,1.07,9.0,bet365,1.36,3.0,bet365,2.15,1.67,bet365,4.0,1.22,bet365,9.0,1.07,bet365,1.83,1.83,bet365,1.36,1.36,1.67,,0.0,,0.0,,0.0,,0.0,,0.0,,0.0,,0.0,,0.0,,0.0,,0.0,,0.0,,0.0,,0.0,,0.0,,0.0,,0.0,0.0,,0.0,0.0,,0.0,0.0,,0.0,0.0,,0.0,0.0,,0.0,0.0,,0.0,0.0,,0.0,0.0,,0.0,0.0,,0.0,0.0,,0.0,0.0,0.0,,0.0,0.0,0.0,,0.0,0.0,0.0,,0.0,0.0,0.0,,0.0,0.0,0.0,,0.0,0.0,0.0,,,0.43,1.24,0.18,1.39,1.24,0.43,1.24,-0.57,,,0.8,0.82,0.43,0.55,0.53,0.69,0.0,0.0,0.25,0.24,9.0,19.0,4.0,5.0,3.0,7.0,,,,,,,,,,,10.0,30.0,,,,,,,11.0,14.0,,,,,3.0,0.0,,,0.68,0.64,49.0,50.0,34.0,15.0,11.0,7.0,1.0,0.0,0.0,0.0,,,0.12,0.04,0.09,0.16,,,3.0,4.0,1.0,1.0,1.0,2.0,,,,,,,6.0,6.0,2.0,0.0,,,,,0.31,1.2,0.09,1.23,,,6.0,15.0,3.0,4.0,2.0,5.0,,,,,,,,,5.0,8.0,1.0,0.0,,
AF3sgSEG,CROATIA,2025-2026,Hnl 2025 2026,CROATIA Hnl 2025 2026,28/09/2025,13:15,Round 8,Din. Zagreb,Slaven Belupo,4,1,"[41, 47, 56, 71]",[66],bet365,1.62,2.75,9.5,bet365,1.25,6.0,10.0,bet365,1.25,3.75,bet365,2.2,1.62,bet365,5.0,1.17,bet365,1.02,19.0,bet365,1.17,5.0,bet365,1.53,2.4,bet365,2.25,1.57,bet365,4.0,1.22,bet365,2.0,1.73,bet365,1.06,1.13,3.75,,0.0,,0.0,,0.0,,0.0,,0.0,,0.0,,0.0,,0.0,,0.0,,0.0,,0.0,,0.0,,0.0,,0.0,,0.0,,0.0,0.0,,0.0,0.0,,0.0,0.0,,0.0,0.0,,0.0,0.0,,0.0,0.0,,0.0,0.0,,0.0,0.0,,0.0,0.0,,0.0,0.0,,0.0,0.0,0.0,,0.0,0.0,0.0,,0.0,0.0,0.0,,0.0,0.0,0.0,,0.0,0.0,0.0,,0.0,0.0,0.0,,,3.32,0.42,1.58,0.11,0.42,3.32,-0.58,-0.68,,,0.86,0.8,0.59,0.38,0.75,0.57,2.0,0.0,0.36,0.08,18.0,5.0,10.0,3.0,8.0,0.0,,,,,,,,,,,27.0,6.0,,,,,,,14.0,15.0,,,,,0.0,2.0,,,0.73,0.5,58.0,50.0,17.0,17.0,3.0,9.0,1.0,2.0,0.0,1.0,,,0.82,0.0,0.45,0.01,,,8.0,1.0,2.0,0.0,6.0,0.0,,,,,,,8.0,4.0,0.0,1.0,,,,,2.5,0.42,1.13,0.1,,,10.0,4.0,8.0,3.0,2.0,0.0,,,,,,,,,6.0,11.0,0.0,1.0,,
jPBki6qT,CROATIA,2025-2026,Hnl 2025 2026,CROATIA Hnl 2025 2026,28/09/2025,11:00,Round 8,Gorica,Osijek,0,1,[],[35],bet365,3.5,2.1,3.1,bet365,2.88,3.2,2.45,bet365,1.4,2.75,bet365,3.0,1.36,bet365,8.0,1.08,bet365,1.06,10.0,bet365,1.3,3.4,bet365,2.03,1.78,bet365,3.5,1.29,bet365,7.0,1.1,bet365,1.73,2.0,bet365,1.53,1.36,1.4,,0.0,,0.0,,0.0,,0.0,,0.0,,0.0,,0.0,,0.0,,0.0,,0.0,,0.0,,0.0,,0.0,,0.0,,0.0,,0.0,0.0,,0.0,0.0,,0.0,0.0,,0.0,0.0,,0.0,0.0,,0.0,0.0,,0.0,0.0,,0.0,0.0,,0.0,0.0,,0.0,0.0,,0.0,0.0,0.0,,0.0,0.0,0.0,,0.0,0.0,0.0,,0.0,0.0,0.0,,0.0,0.0,0.0,,0.0,0.0,0.0,,,0.11,1.09,0.6,0.58,1.09,0.11,0.09,0.11,,,0.82,0.71,0.6,0.43,0.68,0.58,0.0,0.0,0.31,0.13,8.0,11.0,1.0,3.0,5.0,8.0,,,,,,,,,,,19.0,12.0,,,,,,,13.0,15.0,,,,,0.0,3.0,,,0.65,0.75,48.0,42.0,22.0,25.0,11.0,10.0,1.0,0.0,0.0,0.0,,,0.0,0.98,0.17,0.46,,,2.0,4.0,0.0,1.0,2.0,3.0,,,,,,,5.0,9.0,0.0,0.0,,,,,0.11,0.11,0.43,0.12,,,6.0,7.0,1.0,2.0,3.0,5.0,,,,,,,,,8.0,6.0,0.0,3.0,,
ATrG7RT9,CROATIA,2025-2026,Hnl 2025 2026,CROATIA Hnl 2025 2026,27/09/2025,13:45,Round 8,Hajduk Split,Lok. Zagreb,2,0,"[18, 85]",[],bet365,1.91,2.5,7.0,bet365,1.42,5.0,6.25,bet365,1.33,3.25,bet365,2.5,1.5,bet365,6.0,1.13,bet365,1.03,15.0,bet365,1.22,4.0,bet365,1.73,2.08,bet365,2.75,1.4,bet365,5.5,1.14,bet365,1.91,1.8,bet365,1.13,1.17,2.75,,0.0,,0.0,,0.0,,0.0,,0.0,,0.0,,0.0,,0.0,,0.0,,0.0,,0.0,,0.0,,0.0,,0.0,,0.0,,0.0,0.0,,0.0,0.0,,0.0,0.0,,0.0,0.0,,0.0,0.0,,0.0,0.0,,0.0,0.0,,0.0,0.0,,0.0,0.0,,0.0,0.0,,0.0,0.0,0.0,,0.0,0.0,0.0,,0.0,0.0,0.0,,0.0,0.0,0.0,,0.0,0.0,0.0,,0.0,0.0,0.0,,,1.78,0.26,1.06,0.46,0.26,1.78,0.26,-0.22,,,0.81,0.82,0.43,0.4,0.53,0.63,0.0,0.0,0.43,0.3,7.0,9.0,3.0,2.0,3.0,4.0,,,,,,,,,,,17.0,17.0,,,,,,,13.0,15.0,,,,,4.0,3.0,,,0.68,0.54,50.0,46.0,25.0,11.0,12.0,5.0,0.0,0.0,0.0,0.0,,,0.82,0.23,0.48,0.28,,,2.0,4.0,1.0,1.0,1.0,2.0,,,,,,,8.0,9.0,3.0,0.0,,,,,0.96,0.03,0.58,0.18,,,5.0,5.0,2.0,1.0,2.0,2.0,,,,,,,,,5.0,6.0,1.0,3.0,,
necLop7j,CROATIA,2025-2026,Hnl 2025 2026,CROATIA Hnl 2025 2026,27/09/2025,11:00,Round 8,Rijeka,Istra 1961,0,0,[],[],bet365,2.4,2.2,5.0,bet365,1.8,3.6,4.33,bet365,1.4,2.75,bet365,3.0,1.36,bet365,8.0,1.08,bet365,1.06,9.5,bet365,1.3,3.4,bet365,2.03,1.78,bet365,3.5,1.29,bet365,7.0,1.1,bet365,1.83,1.83,bet365,1.2,1.29,1.95,,0.0,,0.0,,0.0,,0.0,,0.0,,0.0,,0.0,,0.0,,0.0,,0.0,,0.0,,0.0,,0.0,,0.0,,0.0,,0.0,0.0,,0.0,0.0,,0.0,0.0,,0.0,0.0,,0.0,0.0,,0.0,0.0,,0.0,0.0,,0.0,0.0,,0.0,0.0,,0.0,0.0,,0.0,0.0,0.0,,0.0,0.0,0.0,,0.0,0.0,0.0,,0.0,0.0,0.0,,0.0,0.0,0.0,,0.0,0.0,0.0,,,0.0,0.09,1.08,0.41,0.09,0.0,0.09,0.0,,,0.74,0.74,0.4,0.39,0.65,0.59,0.0,0.0,0.32,0.25,19.0,5.0,1.0,1.0,13.0,3.0,,,,,,,,,,,35.0,21.0,,,,,,,16.0,8.0,,,,,2.0,3.0,,,0.64,0.7,40.0,62.0,11.0,35.0,9.0,10.0,0.0,1.0,0.0,0.0,,,0.0,0.09,0.63,0.13,,,9.0,3.0,1.0,1.0,4.0,1.0,,,,,,,10.0,4.0,2.0,2.0,,,,,0.0,0.0,0.45,0.28,,,10.0,2.0,0.0,0.0,9.0,2.0,,,,,,,,,6.0,4.0,0.0,1.0,,
23u89mac,CROATIA,2025-2026,Hnl 2025 2026,CROATIA Hnl 2025 2026,26/09/2025,13:00,Round 8,Varazdin,Vukovar 1991,2,1,"[24, 54]",[2],bet365,2.0,2.3,7.0,bet365,1.45,4.33,6.25,bet365,1.36,3.0,bet365,2.75,1.4,bet365,7.0,1.1,bet365,1.05,11.0,bet365,1.29,3.5,bet365,1.9,1.9,bet365,3.25,1.33,bet365,6.5,1.11,bet365,2.1,1.67,bet365,1.13,1.2,2.63,,0.0,,0.0,,0.0,,0.0,,0.0,,0.0,,0.0,,0.0,,0.0,,0.0,,0.0,,0.0,,0.0,,0.0,,0.0,,0.0,0.0,,0.0,0.0,,0.0,0.0,,0.0,0.0,,0.0,0.0,,0.0,0.0,,0.0,0.0,,0.0,0.0,,0.0,0.0,,0.0,0.0,,0.0,0.0,0.0,,0.0,0.0,0.0,,0.0,0.0,0.0,,0.0,0.0,0.0,,0.0,0.0,0.0,,0.0,0.0,0.0,,,2.81,1.05,1.32,0.51,1.05,2.81,0.05,0.81,,,0.83,0.67,0.47,0.35,0.71,0.51,0.0,0.0,0.36,0.24,22.0,8.0,7.0,6.0,6.0,2.0,,,,,,,,,,,28.0,14.0,,,,,,,9.0,13.0,,,,,2.0,2.0,,,0.61,0.42,57.0,60.0,29.0,23.0,10.0,11.0,1.0,0.0,0.0,0.0,,,2.51,0.76,0.83,0.27,,,12.0,4.0,5.0,3.0,3.0,1.0,,,,,,,5.0,9.0,0.0,0.0,,,,,0.3,0.29,0.49,0.24,,,10.0,4.0,2.0,3.0,3.0,1.0,,,,,,,,,4.0,4.0,2.0,2.0,,
ETJvZ6Np,CROATIA,2025-2026,Hnl 2025 2026,CROATIA Hnl 2025 2026,22/09/2025,13:00,Round 7,Vukovar 1991,Rijeka,3,2,"[20, 56, 68]","[17, 43]",bet365,7.5,2.4,1.83,bet365,7.0,4.33,1.36,bet365,1.33,3.25,bet365,2.5,1.5,bet365,6.5,1.11,bet365,1.04,12.0,bet365,1.22,4.0,bet365,1.75,2.05,bet365,2.75,1.4,bet365,5.5,1.14,bet365,2.0,1.73,bet365,2.75,1.18,1.08,,0.0,,0.0,,0.0,,0.0,,0.0,,0.0,,0.0,,0.0,,0.0,,0.0,,0.0,,0.0,,0.0,,0.0,,0.0,,0.0,0.0,,0.0,0.0,,0.0,0.0,,0.0,0.0,,0.0,0.0,,0.0,0.0,,0.0,0.0,,0.0,0.0,,0.0,0.0,,0.0,0.0,,0.0,0.0,0.0,,0.0,0.0,0.0,,0.0,0.0,0.0,,0.0,0.0,0.0,,0.0,0.0,0.0,,0.0,0.0,0.0,,,1.76,1.89,0.61,1.41,1.89,1.76,-0.11,-0.24,,,0.68,0.83,0.48,0.5,0.56,0.66,0.0,2.0,0.41,0.19,11.0,25.0,4.0,6.0,5.0,9.0,,,,,,,,,,,18.0,45.0,,,,,,,11.0,10.0,,,,,2.0,0.0,,,0.82,0.6,54.0,41.0,47.0,18.0,7.0,9.0,1.0,0.0,0.0,0.0,,,0.0,1.54,0.16,0.53,,,2.0,14.0,0.0,4.0,1.0,5.0,,,,,,,5.0,3.0,1.0,0.0,,,,,1.76,0.35,0.45,0.88,,,9.0,11.0,4.0,2.0,4.0,4.0,,,,,,,,,6.0,7.0,1.0,0.0,,
tzCQdAFi,CROATIA,2025-2026,Hnl 2025 2026,CROATIA Hnl 2025 2026,21/09/2025,14:15,Round 7,Istra 1961,Osijek,2,1,"[65, 81]",[39],bet365,2.75,2.1,4.0,bet365,2.0,3.25,3.3,bet365,1.4,2.75,bet365,3.0,1.36,bet365,8.0,1.08,bet365,1.06,9.5,bet365,1.3,3.4,bet365,2.03,1.78,bet365,3.5,1.29,bet365,7.0,1.1,bet365,1.83,1.83,bet365,1.3,1.3,1.67,,0.0,,0.0,,0.0,,0.0,,0.0,,0.0,,0.0,,0.0,,0.0,,0.0,,0.0,,0.0,,0.0,,0.0,,0.0,,0.0,0.0,,0.0,0.0,,0.0,0.0,,0.0,0.0,,0.0,0.0,,0.0,0.0,,0.0,0.0,,0.0,0.0,,0.0,0.0,,0.0,0.0,,0.0,0.0,0.0,,0.0,0.0,0.0,,0.0,0.0,0.0,,0.0,0.0,0.0,,0.0,0.0,0.0,,0.0,0.0,0.0,,,2.06,0.71,0.52,0.94,0.71,2.06,-0.29,0.06,,,0.83,0.82,0.58,0.5,0.67,0.67,0.0,0.0,0.18,0.31,13.0,20.0,5.0,3.0,7.0,9.0,,,,,,,,,,,22.0,30.0,,,,,,,9.0,9.0,,,,,0.0,2.0,,,0.67,0.75,47.0,35.0,29.0,14.0,7.0,8.0,0.0,0.0,0.0,0.0,,,0.52,0.68,0.33,0.62,,,4.0,11.0,1.0,2.0,3.0,5.0,,,,,,,4.0,3.0,0.0,1.0,,,,,1.54,0.03,0.19,0.32,,,9.0,9.0,4.0,1.0,4.0,4.0,,,,,,,,,5.0,6.0,0.0,1.0,,
2k0Zflp4,CROATIA,2025-2026,Hnl 2025 2026,CROATIA Hnl 2025 2026,21/09/2025,12:00,Round 7,Gorica,Slaven Belupo,2,1,"[26, 28]",[67],bet365,3.0,2.1,3.75,bet365,2.15,3.25,2.9,bet365,1.44,2.63,bet365,3.25,1.33,bet365,9.0,1.07,bet365,1.06,10.0,bet365,1.36,3.0,bet365,2.1,1.7,bet365,3.75,1.25,bet365,8.0,1.08,bet365,1.83,1.83,bet365,1.36,1.3,1.62,,0.0,,0.0,,0.0,,0.0,,0.0,,0.0,,0.0,,0.0,,0.0,,0.0,,0.0,,0.0,,0.0,,0.0,,0.0,,0.0,0.0,,0.0,0.0,,0.0,0.0,,0.0,0.0,,0.0,0.0,,0.0,0.0,,0.0,0.0,,0.0,0.0,,0.0,0.0,,0.0,0.0,,0.0,0.0,0.0,,0.0,0.0,0.0,,0.0,0.0,0.0,,0.0,0.0,0.0,,0.0,0.0,0.0,,0.0,0.0,0.0,,,2.15,0.38,0.76,0.98,0.38,2.15,-0.62,0.15,,,0.83,0.78,0.49,0.56,0.69,0.55,0.0,0.0,0.32,0.23,11.0,9.0,6.0,2.0,4.0,4.0,,,,,,,,,,,24.0,15.0,,,,,,,13.0,13.0,,,,,2.0,1.0,,,0.5,0.79,40.0,49.0,28.0,20.0,5.0,2.0,0.0,0.0,0.0,1.0,,,1.82,0.0,0.46,0.08,,,6.0,3.0,4.0,0.0,1.0,2.0,,,,,,,1.0,7.0,1.0,1.0,,,,,0.33,0.38,0.3,0.9,,,5.0,6.0,2.0,2.0,3.0,2.0,,,,,,,,,12.0,6.0,1.0,0.0,,
W8GFvTaN,CROATIA,2025-2026,Hnl 2025 2026,CROATIA Hnl 2025 2026,20/09/2025,15:00,Round 7,Lok. Zagreb,Varazdin,1,0,[57],[],bet365,3.6,2.05,3.2,bet365,2.8,3.0,2.4,bet365,1.44,2.63,bet365,3.25,1.33,bet365,9.0,1.07,bet365,1.07,9.0,bet365,1.36,3.0,bet365,2.15,1.67,bet365,3.75,1.25,bet365,9.0,1.07,bet365,1.83,1.83,bet365,1.5,1.33,1.36,,0.0,,0.0,,0.0,,0.0,,0.0,,0.0,,0.0,,0.0,,0.0,,0.0,,0.0,,0.0,,0.0,,0.0,,0.0,,0.0,0.0,,0.0,0.0,,0.0,0.0,,0.0,0.0,,0.0,0.0,,0.0,0.0,,0.0,0.0,,0.0,0.0,,0.0,0.0,,0.0,0.0,,0.0,0.0,0.0,,0.0,0.0,0.0,,0.0,0.0,0.0,,0.0,0.0,0.0,,0.0,0.0,0.0,,0.0,0.0,0.0,,,0.99,0.03,1.06,0.93,0.03,0.99,0.03,-0.01,,,0.78,0.77,0.48,0.38,0.65,0.54,2.0,2.0,0.38,0.07,10.0,2.0,6.0,1.0,3.0,1.0,,,,,,,,,,,20.0,11.0,,,,,,,16.0,14.0,,,,,5.0,0.0,,,0.64,0.74,51.0,45.0,29.0,22.0,9.0,13.0,0.0,0.0,0.0,1.0,,,0.88,0.03,0.9,0.66,,,7.0,2.0,4.0,1.0,2.0,1.0,,,,,,,7.0,5.0,2.0,0.0,,,,,0.11,0.0,0.16,0.27,,,3.0,0.0,2.0,0.0,1.0,0.0,,,,,,,,,9.0,9.0,3.0,0.0,,
beI7tkVA,CROATIA,2025-2026,Hnl 2025 2026,CROATIA Hnl 2025 2026,20/09/2025,12:00,Round 7,Hajduk Split,Din. Zagreb,0,2,[],"[44, 80]",bet365,3.6,2.1,3.1,bet365,2.8,3.1,2.3,bet365,1.44,2.63,bet365,3.25,1.33,bet365,9.0,1.07,bet365,1.06,10.0,bet365,1.33,3.25,bet365,2.1,1.7,bet365,3.75,1.25,bet365,8.0,1.08,bet365,1.83,1.83,bet365,1.53,1.33,1.36,,0.0,,0.0,,0.0,,0.0,,0.0,,0.0,,0.0,,0.0,,0.0,,0.0,,0.0,,0.0,,0.0,,0.0,,0.0,,0.0,0.0,,0.0,0.0,,0.0,0.0,,0.0,0.0,,0.0,0.0,,0.0,0.0,,0.0,0.0,,0.0,0.0,,0.0,0.0,,0.0,0.0,,0.0,0.0,0.0,,0.0,0.0,0.0,,0.0,0.0,0.0,,0.0,0.0,0.0,,0.0,0.0,0.0,,0.0,0.0,0.0,,,0.35,0.71,0.63,0.58,0.71,0.35,-1.29,0.35,,,0.88,0.78,0.5,0.4,0.71,0.6,0.0,2.0,0.29,0.44,8.0,14.0,2.0,3.0,3.0,7.0,,,,,,,,,,,25.0,24.0,,,,,,,5.0,15.0,,,,,4.0,1.0,,,0.57,0.58,49.0,48.0,15.0,16.0,10.0,9.0,0.0,0.0,0.0,0.0,,,0.35,0.52,0.28,0.43,,,5.0,6.0,2.0,2.0,2.0,3.0,,,,,,,3.0,7.0,1.0,0.0,,,,,0.0,0.19,0.35,0.15,,,3.0,8.0,0.0,1.0,1.0,4.0,,,,,,,,,2.0,8.0,3.0,1.0,,
ncCRq3K5,CROATIA,2025-2026,Hnl 2025 2026,CROATIA Hnl 2025 2026,14/09/2025,14:15,Round 6,Din. Zagreb,Gorica,1,2,[57],"[21, 47]",bet365,1.53,3.0,12.0,bet365,1.17,7.5,10.0,bet365,1.25,3.75,bet365,2.1,1.67,bet365,4.5,1.18,bet365,1.02,21.0,bet365,1.14,5.5,bet365,1.48,2.6,bet365,2.2,1.62,bet365,3.75,1.25,bet365,2.25,1.57,bet365,1.06,1.1,5.0,,0.0,,0.0,,0.0,,0.0,,0.0,,0.0,,0.0,,0.0,,0.0,,0.0,,0.0,,0.0,,0.0,,0.0,,0.0,,0.0,0.0,,0.0,0.0,,0.0,0.0,,0.0,0.0,,0.0,0.0,,0.0,0.0,,0.0,0.0,,0.0,0.0,,0.0,0.0,,0.0,0.0,,0.0,0.0,0.0,,0.0,0.0,0.0,,0.0,0.0,0.0,,0.0,0.0,0.0,,0.0,0.0,0.0,,0.0,0.0,0.0,,,0.42,1.36,1.18,0.47,1.36,0.42,-0.64,-0.58,,,0.88,0.69,0.58,0.27,0.74,0.55,0.0,0.0,0.22,0.33,13.0,8.0,3.0,5.0,6.0,2.0,,,,,,,,,,,28.0,7.0,,,,,,,15.0,12.0,,,,,3.0,1.0,,,0.53,0.63,57.0,65.0,12.0,36.0,8.0,6.0,1.0,1.0,0.0,0.0,,,0.0,0.65,0.41,0.38,,,5.0,6.0,0.0,3.0,3.0,2.0,,,,,,,6.0,6.0,1.0,1.0,,,,,0.42,0.71,0.77,0.09,,,8.0,2.0,3.0,2.0,3.0,0.0,,,,,,,,,9.0,6.0,2.0,0.0,,
lM8rtLJU,CROATIA,2025-2026,Hnl 2025 2026,CROATIA Hnl 2025 2026,14/09/2025,12:00,Round 6,Osijek,Vukovar 1991,4,0,"[32, 51, 73, 87]",[],bet365,1.91,2.38,7.5,bet365,1.38,4.75,6.25,bet365,1.36,3.0,bet365,2.63,1.44,bet365,7.0,1.1,bet365,1.04,13.0,bet365,1.25,3.75,bet365,1.8,2.0,bet365,3.0,1.36,bet365,6.0,1.13,bet365,2.2,1.62,bet365,1.11,1.17,2.75,,0.0,,0.0,,0.0,,0.0,,0.0,,0.0,,0.0,,0.0,,0.0,,0.0,,0.0,,0.0,,0.0,,0.0,,0.0,,0.0,0.0,,0.0,0.0,,0.0,0.0,,0.0,0.0,,0.0,0.0,,0.0,0.0,,0.0,0.0,,0.0,0.0,,0.0,0.0,,0.0,0.0,,0.0,0.0,0.0,,0.0,0.0,0.0,,0.0,0.0,0.0,,0.0,0.0,0.0,,0.0,0.0,0.0,,0.0,0.0,0.0,,,2.25,0.48,0.8,0.98,0.48,2.25,0.48,-1.75,,,0.84,0.8,0.44,0.43,0.73,0.69,1.0,0.0,0.06,0.27,18.0,13.0,7.0,3.0,5.0,4.0,,,,,,,,,,,25.0,25.0,,,,,,,11.0,14.0,,,,,2.0,2.0,,,0.52,0.69,55.0,60.0,22.0,18.0,9.0,14.0,3.0,0.0,0.0,0.0,,,1.4,0.0,0.34,0.43,,,8.0,5.0,5.0,0.0,2.0,2.0,,,,,,,4.0,5.0,2.0,2.0,,,,,0.85,0.48,0.46,0.55,,,10.0,8.0,2.0,3.0,3.0,2.0,,,,,,,,,7.0,9.0,0.0,0.0,,
f3LjpXVo,CROATIA,2025-2026,Hnl 2025 2026,CROATIA Hnl 2025 2026,13/09/2025,14:45,Round 6,Rijeka,Lok. Zagreb,1,1,[40],[74],bet365,2.05,2.3,6.5,bet365,1.48,3.7,6.0,bet365,1.36,3.0,bet365,2.63,1.44,bet365,7.0,1.1,bet365,1.05,11.0,bet365,1.25,3.75,bet365,1.85,1.95,bet365,3.25,1.33,bet365,6.0,1.13,bet365,1.91,1.8,bet365,1.11,1.25,2.5,,0.0,,0.0,,0.0,,0.0,,0.0,,0.0,,0.0,,0.0,,0.0,,0.0,,0.0,,0.0,,0.0,,0.0,,0.0,,0.0,0.0,,0.0,0.0,,0.0,0.0,,0.0,0.0,,0.0,0.0,,0.0,0.0,,0.0,0.0,,0.0,0.0,,0.0,0.0,,0.0,0.0,,0.0,0.0,0.0,,0.0,0.0,0.0,,0.0,0.0,0.0,,0.0,0.0,0.0,,0.0,0.0,0.0,,0.0,0.0,0.0,,,0.92,0.58,0.28,0.88,0.58,0.92,-0.42,-0.08,,,0.82,0.8,0.45,0.44,0.58,0.72,1.0,1.0,0.22,0.35,12.0,12.0,3.0,2.0,7.0,8.0,,,,,,,,,,,18.0,18.0,,,,,,,10.0,18.0,,,,,0.0,0.0,,,0.6,0.71,57.0,51.0,24.0,30.0,8.0,6.0,1.0,1.0,0.0,0.0,,,0.9,0.4,0.11,0.19,,,4.0,5.0,2.0,1.0,1.0,4.0,,,,,,,2.0,7.0,0.0,0.0,,,,,0.02,0.18,0.17,0.69,,,8.0,7.0,1.0,1.0,6.0,4.0,,,,,,,,,8.0,11.0,0.0,0.0,,
2TObrB0b,CROATIA,2025-2026,Hnl 2025 2026,CROATIA Hnl 2025 2026,13/09/2025,12:00,Round 6,Varazdin,Hajduk Split,2,0,"[5, 8]",[],bet365,4.75,2.05,2.6,bet365,3.6,3.3,1.83,bet365,1.5,2.5,bet365,3.4,1.3,bet365,10.0,1.06,bet365,1.07,9.0,bet365,1.4,2.75,bet365,2.3,1.6,bet365,4.33,1.2,bet365,10.0,1.06,bet365,2.1,1.67,bet365,1.8,1.3,1.25,,0.0,,0.0,,0.0,,0.0,,0.0,,0.0,,0.0,,0.0,,0.0,,0.0,,0.0,,0.0,,0.0,,0.0,,0.0,,0.0,0.0,,0.0,0.0,,0.0,0.0,,0.0,0.0,,0.0,0.0,,0.0,0.0,,0.0,0.0,,0.0,0.0,,0.0,0.0,,0.0,0.0,,0.0,0.0,0.0,,0.0,0.0,0.0,,0.0,0.0,0.0,,0.0,0.0,0.0,,0.0,0.0,0.0,,0.0,0.0,0.0,,,1.06,0.67,0.52,0.9,0.67,1.06,0.67,0.06,,,0.58,0.88,0.33,0.6,0.38,0.73,1.0,0.0,0.11,0.21,12.0,14.0,3.0,5.0,6.0,6.0,,,,,,,,,,,10.0,38.0,,,,,,,13.0,8.0,,,,,0.0,3.0,,,0.45,1.0,56.0,39.0,39.0,11.0,11.0,5.0,0.0,0.0,0.0,0.0,,,0.85,0.27,0.25,0.48,,,7.0,6.0,1.0,2.0,4.0,4.0,,,,,,,6.0,3.0,0.0,1.0,,,,,0.21,0.4,0.27,0.42,,,5.0,8.0,2.0,3.0,2.0,2.0,,,,,,,,,7.0,5.0,0.0,2.0,,
rP5zrskI,CROATIA,2025-2026,Hnl 2025 2026,CROATIA Hnl 2025 2026,12/09/2025,15:00,Round 6,Slaven Belupo,Istra 1961,2,1,"[33, 77]",[21],bet365,3.0,2.1,3.6,bet365,2.2,3.4,2.75,bet365,1.4,2.75,bet365,3.0,1.36,bet365,8.0,1.08,bet365,1.06,10.0,bet365,1.33,3.25,bet365,2.08,1.73,bet365,3.75,1.25,bet365,8.0,1.08,bet365,1.83,1.83,bet365,1.36,1.29,1.57,,0.0,,0.0,,0.0,,0.0,,0.0,,0.0,,0.0,,0.0,,0.0,,0.0,,0.0,,0.0,,0.0,,0.0,,0.0,,0.0,0.0,,0.0,0.0,,0.0,0.0,,0.0,0.0,,0.0,0.0,,0.0,0.0,,0.0,0.0,,0.0,0.0,,0.0,0.0,,0.0,0.0,,0.0,0.0,0.0,,0.0,0.0,0.0,,0.0,0.0,0.0,,0.0,0.0,0.0,,0.0,0.0,0.0,,0.0,0.0,0.0,,,1.83,0.26,1.17,0.74,0.26,1.83,-0.74,-0.17,,,0.74,0.72,0.54,0.34,0.51,0.52,0.0,1.0,0.2,0.18,15.0,9.0,5.0,3.0,8.0,4.0,,,,,,,,,,,18.0,23.0,,,,,,,10.0,14.0,,,,,5.0,2.0,,,0.45,0.75,60.0,36.0,30.0,35.0,10.0,7.0,0.0,0.0,0.0,0.0,,,1.58,0.14,0.76,0.24,,,9.0,3.0,4.0,1.0,4.0,1.0,,,,,,,5.0,5.0,3.0,1.0,,,,,0.25,0.12,0.41,0.5,,,6.0,6.0,1.0,2.0,4.0,3.0,,,,,,,,,5.0,9.0,2.0,1.0,,
txsgV35C,CROATIA,2025-2026,Hnl 2025 2026,CROATIA Hnl 2025 2026,31/08/2025,16:00,Round 5,Hajduk Split,Rijeka,2,2,"[42, 96]","[21, 55]",bet365,2.25,2.1,6.5,bet365,1.6,3.5,5.5,bet365,1.44,2.63,bet365,3.4,1.3,bet365,10.0,1.06,bet365,1.07,9.0,bet365,1.4,2.75,bet365,2.25,1.58,bet365,4.33,1.2,bet365,10.0,1.06,bet365,2.25,1.57,bet365,1.14,1.29,2.3,,0.0,,0.0,,0.0,,0.0,,0.0,,0.0,,0.0,,0.0,,0.0,,0.0,,0.0,,0.0,,0.0,,0.0,,0.0,,0.0,0.0,,0.0,0.0,,0.0,0.0,,0.0,0.0,,0.0,0.0,,0.0,0.0,,0.0,0.0,,0.0,0.0,,0.0,0.0,,0.0,0.0,,0.0,0.0,0.0,,0.0,0.0,0.0,,0.0,0.0,0.0,,0.0,0.0,0.0,,0.0,0.0,0.0,,0.0,0.0,0.0,,,1.95,1.29,1.57,0.3,1.29,1.95,-0.71,-0.05,,,0.87,0.77,0.49,0.52,0.72,0.59,0.0,0.0,0.29,0.17,15.0,5.0,4.0,3.0,8.0,1.0,,,,,,,,,,,27.0,12.0,,,,,,,13.0,15.0,,,,,1.0,0.0,,,0.75,0.63,57.0,57.0,27.0,40.0,10.0,7.0,0.0,0.0,0.0,0.0,,,0.93,0.73,0.7,0.2,,,9.0,3.0,1.0,2.0,7.0,1.0,,,,,,,8.0,8.0,0.0,0.0,,,,,1.02,0.56,0.87,0.1,,,6.0,2.0,3.0,1.0,1.0,0.0,,,,,,,,,5.0,7.0,1.0,0.0,,
2iV1TszP,CROATIA,2025-2026,Hnl 2025 2026,CROATIA Hnl 2025 2026,31/08/2025,13:15,Round 5,Lok. Zagreb,Osijek,1,1,[66],[32],bet365,4.0,2.2,2.75,bet365,3.1,3.5,2.0,bet365,1.36,3.0,bet365,2.75,1.4,bet365,7.0,1.1,bet365,1.04,13.0,bet365,1.25,3.75,bet365,1.85,1.95,bet365,3.25,1.33,bet365,6.0,1.13,bet365,1.73,2.0,bet365,1.67,1.25,1.33,,0.0,,0.0,,0.0,,0.0,,0.0,,0.0,,0.0,,0.0,,0.0,,0.0,,0.0,,0.0,,0.0,,0.0,,0.0,,0.0,0.0,,0.0,0.0,,0.0,0.0,,0.0,0.0,,0.0,0.0,,0.0,0.0,,0.0,0.0,,0.0,0.0,,0.0,0.0,,0.0,0.0,,0.0,0.0,0.0,,0.0,0.0,0.0,,0.0,0.0,0.0,,0.0,0.0,0.0,,0.0,0.0,0.0,,0.0,0.0,0.0,,,1.75,1.19,1.66,0.8,1.19,1.75,0.19,0.75,,,0.85,0.8,0.59,0.4,0.77,0.65,0.0,1.0,0.18,0.45,14.0,17.0,6.0,5.0,6.0,8.0,,,,,,,,,,,38.0,19.0,,,,,,,20.0,13.0,,,,,1.0,3.0,,,0.67,0.68,64.0,62.0,20.0,26.0,13.0,11.0,2.0,0.0,0.0,0.0,,,0.01,1.15,0.92,0.56,,,6.0,9.0,1.0,4.0,4.0,3.0,,,,,,,9.0,8.0,1.0,2.0,,,,,1.74,0.04,0.74,0.24,,,8.0,8.0,5.0,1.0,2.0,5.0,,,,,,,,,11.0,5.0,0.0,1.0,,
YBwoXPz0,CROATIA,2025-2026,Hnl 2025 2026,CROATIA Hnl 2025 2026,30/08/2025,16:00,Round 5,Varazdin,Din. Zagreb,2,2,"[52, 80]","[23, 92]",bet365,7.5,2.38,1.91,bet365,7.0,4.2,1.4,bet365,1.36,3.0,bet365,2.63,1.44,bet365,7.0,1.1,bet365,1.05,11.0,bet365,1.29,3.5,bet365,1.9,1.9,bet365,3.25,1.33,bet365,6.5,1.11,bet365,2.2,1.62,bet365,2.63,1.17,1.05,,0.0,,0.0,,0.0,,0.0,,0.0,,0.0,,0.0,,0.0,,0.0,,0.0,,0.0,,0.0,,0.0,,0.0,,0.0,,0.0,0.0,,0.0,0.0,,0.0,0.0,,0.0,0.0,,0.0,0.0,,0.0,0.0,,0.0,0.0,,0.0,0.0,,0.0,0.0,,0.0,0.0,,0.0,0.0,0.0,,0.0,0.0,0.0,,0.0,0.0,0.0,,0.0,0.0,0.0,,0.0,0.0,0.0,,0.0,0.0,0.0,,,1.2,1.77,0.31,1.0,1.77,1.2,-0.23,-0.8,,,0.68,0.79,0.25,0.39,0.53,0.62,0.0,1.0,0.4,0.29,11.0,20.0,3.0,5.0,6.0,6.0,,,,,,,,,,,12.0,22.0,,,,,,,13.0,16.0,,,,,2.0,2.0,,,0.8,0.47,46.0,56.0,33.0,26.0,15.0,11.0,1.0,0.0,1.0,0.0,,,0.0,0.42,0.04,0.24,,,1.0,10.0,0.0,2.0,1.0,3.0,,,,,,,5.0,7.0,2.0,1.0,,,,,1.2,1.35,0.27,0.76,,,10.0,10.0,3.0,3.0,5.0,3.0,,,,,,,,,8.0,9.0,0.0,1.0,,
IHKAmoLt,CROATIA,2025-2026,Hnl 2025 2026,CROATIA Hnl 2025 2026,30/08/2025,13:45,Round 5,Vukovar 1991,Slaven Belupo,1,2,[54],"[25, 49]",bet365,3.6,2.1,3.1,bet365,2.8,3.2,2.25,bet365,1.44,2.63,bet365,3.25,1.33,bet365,9.0,1.07,bet365,1.06,10.0,bet365,1.33,3.25,bet365,2.1,1.7,bet365,3.75,1.25,bet365,8.0,1.08,bet365,1.83,1.83,bet365,1.53,1.33,1.36,,0.0,,0.0,,0.0,,0.0,,0.0,,0.0,,0.0,,0.0,,0.0,,0.0,,0.0,,0.0,,0.0,,0.0,,0.0,,0.0,0.0,,0.0,0.0,,0.0,0.0,,0.0,0.0,,0.0,0.0,,0.0,0.0,,0.0,0.0,,0.0,0.0,,0.0,0.0,,0.0,0.0,,0.0,0.0,0.0,,0.0,0.0,0.0,,0.0,0.0,0.0,,0.0,0.0,0.0,,0.0,0.0,0.0,,0.0,0.0,0.0,,,1.05,2.28,1.23,0.85,2.28,1.05,0.28,0.05,,,0.86,0.78,0.38,0.48,0.71,0.59,0.0,0.0,0.07,0.07,15.0,9.0,5.0,3.0,7.0,3.0,,,,,,,,,,,29.0,22.0,,,,,,,9.0,14.0,,,,,1.0,1.0,,,0.62,0.53,43.0,49.0,15.0,35.0,7.0,11.0,0.0,0.0,1.0,0.0,,,0.31,0.98,0.18,0.36,,,5.0,5.0,3.0,1.0,2.0,2.0,,,,,,,4.0,6.0,1.0,1.0,,,,,0.74,1.3,1.05,0.49,,,10.0,4.0,2.0,2.0,5.0,1.0,,,,,,,,,5.0,8.0,0.0,0.0,,
EqEJoPkg,CROATIA,2025-2026,Hnl 2025 2026,CROATIA Hnl 2025 2026,29/08/2025,15:00,Round 5,Istra 1961,Gorica,1,0,[46],[],bet365,2.3,2.2,5.5,bet365,1.7,3.5,4.5,bet365,1.4,2.75,bet365,3.0,1.36,bet365,8.0,1.08,bet365,1.06,10.0,bet365,1.36,3.0,bet365,2.1,1.7,bet365,3.75,1.25,bet365,8.0,1.08,bet365,2.0,1.73,bet365,1.17,1.25,2.0,,0.0,,0.0,,0.0,,0.0,,0.0,,0.0,,0.0,,0.0,,0.0,,0.0,,0.0,,0.0,,0.0,,0.0,,0.0,,0.0,0.0,,0.0,0.0,,0.0,0.0,,0.0,0.0,,0.0,0.0,,0.0,0.0,,0.0,0.0,,0.0,0.0,,0.0,0.0,,0.0,0.0,,0.0,0.0,0.0,,0.0,0.0,0.0,,0.0,0.0,0.0,,0.0,0.0,0.0,,0.0,0.0,0.0,,0.0,0.0,0.0,,,2.37,0.26,1.09,0.62,0.26,2.37,0.26,1.37,,,0.8,0.85,0.41,0.4,0.57,0.72,0.0,0.0,0.19,0.17,13.0,22.0,6.0,3.0,5.0,10.0,,,,,,,,,,,19.0,28.0,,,,,,,11.0,9.0,,,,,1.0,1.0,,,0.6,0.67,39.0,46.0,29.0,12.0,2.0,14.0,0.0,1.0,0.0,0.0,,,1.82,0.17,0.33,0.38,,,7.0,11.0,4.0,1.0,1.0,8.0,,,,,,,9.0,5.0,1.0,0.0,,,,,0.55,0.09,0.76,0.24,,,6.0,11.0,2.0,2.0,4.0,2.0,,,,,,,,,2.0,4.0,0.0,1.0,,
xppxZo6m,CROATIA,2025-2026,Hnl 2025 2026,CROATIA Hnl 2025 2026,24/08/2025,16:00,Round 4,Rijeka,Varazdin,1,2,[5],"[25, 70]",bet365,2.3,2.1,5.5,bet365,1.67,3.6,4.75,bet365,1.44,2.63,bet365,3.25,1.33,bet365,9.0,1.07,bet365,1.07,8.5,bet365,1.36,3.0,bet365,2.2,1.65,bet365,4.0,1.22,bet365,9.0,1.07,bet365,2.1,1.67,bet365,1.18,1.29,2.15,,0.0,,0.0,,0.0,,0.0,,0.0,,0.0,,0.0,,0.0,,0.0,,0.0,,0.0,,0.0,,0.0,,0.0,,0.0,,0.0,0.0,,0.0,0.0,,0.0,0.0,,0.0,0.0,,0.0,0.0,,0.0,0.0,,0.0,0.0,,0.0,0.0,,0.0,0.0,,0.0,0.0,,0.0,0.0,0.0,,0.0,0.0,0.0,,0.0,0.0,0.0,,0.0,0.0,0.0,,0.0,0.0,0.0,,0.0,0.0,0.0,,,0.64,1.62,0.59,0.27,1.62,0.64,-0.38,-0.36,,,0.81,0.79,0.48,0.48,0.66,0.71,1.0,0.0,0.17,0.21,9.0,15.0,2.0,6.0,5.0,4.0,,,,,,,,,,,17.0,14.0,,,,,,,11.0,20.0,,,,,3.0,3.0,,,0.71,0.68,53.0,54.0,11.0,31.0,8.0,8.0,1.0,0.0,1.0,0.0,,,0.31,1.47,0.1,0.09,,,1.0,8.0,1.0,4.0,0.0,1.0,,,,,,,5.0,9.0,3.0,1.0,,,,,0.33,0.15,0.49,0.18,,,8.0,7.0,1.0,2.0,5.0,3.0,,,,,,,,,6.0,11.0,0.0,2.0,,
6cN4ifME,CROATIA,2025-2026,Hnl 2025 2026,CROATIA Hnl 2025 2026,24/08/2025,13:30,Round 4,Osijek,Hajduk Split,0,2,[],"[11, 66]",bet365,3.6,2.05,3.1,bet365,2.88,3.1,2.35,bet365,1.44,2.63,bet365,3.25,1.33,bet365,9.0,1.07,bet365,1.07,8.5,bet365,1.36,3.0,bet365,2.15,1.67,bet365,4.0,1.22,bet365,9.0,1.07,bet365,1.83,1.83,bet365,1.53,1.33,1.36,,0.0,,0.0,,0.0,,0.0,,0.0,,0.0,,0.0,,0.0,,0.0,,0.0,,0.0,,0.0,,0.0,,0.0,,0.0,,0.0,0.0,,0.0,0.0,,0.0,0.0,,0.0,0.0,,0.0,0.0,,0.0,0.0,,0.0,0.0,,0.0,0.0,,0.0,0.0,,0.0,0.0,,0.0,0.0,0.0,,0.0,0.0,0.0,,0.0,0.0,0.0,,0.0,0.0,0.0,,0.0,0.0,0.0,,0.0,0.0,0.0,,,0.54,1.55,0.45,1.13,1.55,0.54,-0.45,0.54,,,0.85,0.83,0.7,0.35,0.72,0.66,0.0,0.0,0.1,0.3,12.0,18.0,3.0,4.0,4.0,7.0,,,,,,,,,,,18.0,25.0,,,,,,,12.0,13.0,,,,,1.0,1.0,,,0.59,0.69,56.0,63.0,33.0,41.0,4.0,13.0,2.0,1.0,1.0,0.0,,,0.13,0.67,0.08,0.69,,,3.0,8.0,1.0,1.0,2.0,5.0,,,,,,,7.0,3.0,0.0,0.0,,,,,0.41,0.88,0.37,0.44,,,9.0,10.0,2.0,3.0,2.0,2.0,,,,,,,,,5.0,10.0,1.0,1.0,,
Oxl1XYUr,CROATIA,2025-2026,Hnl 2025 2026,CROATIA Hnl 2025 2026,23/08/2025,16:00,Round 4,Din. Zagreb,Istra 1961,3,0,"[5, 80, 90]",[],bet365,1.73,2.63,8.0,bet365,1.3,5.25,9.0,bet365,1.29,3.5,bet365,2.38,1.53,bet365,5.5,1.14,bet365,1.03,17.0,bet365,1.18,4.5,bet365,1.6,2.3,bet365,2.5,1.5,bet365,4.33,1.2,bet365,2.0,1.73,bet365,1.07,1.17,3.4,,0.0,,0.0,,0.0,,0.0,,0.0,,0.0,,0.0,,0.0,,0.0,,0.0,,0.0,,0.0,,0.0,,0.0,,0.0,,0.0,0.0,,0.0,0.0,,0.0,0.0,,0.0,0.0,,0.0,0.0,,0.0,0.0,,0.0,0.0,,0.0,0.0,,0.0,0.0,,0.0,0.0,,0.0,0.0,0.0,,0.0,0.0,0.0,,0.0,0.0,0.0,,0.0,0.0,0.0,,0.0,0.0,0.0,,0.0,0.0,0.0,,,3.98,0.08,1.39,0.14,0.08,3.98,0.08,0.98,,,0.91,0.77,0.66,0.18,0.82,0.56,1.0,0.0,0.23,0.17,23.0,4.0,11.0,1.0,6.0,1.0,,,,,,,,,,,33.0,6.0,,,,,,,11.0,4.0,,,,,1.0,1.0,,,0.56,0.79,40.0,49.0,9.0,23.0,12.0,16.0,0.0,0.0,0.0,2.0,,,2.94,0.08,0.55,0.07,,,13.0,3.0,8.0,1.0,3.0,0.0,,,,,,,4.0,2.0,1.0,0.0,,,,,1.04,0.0,0.84,0.07,,,10.0,1.0,3.0,0.0,3.0,1.0,,,,,,,,,7.0,2.0,0.0,1.0,,
hIuITjU7,CROATIA,2025-2026,Hnl 2025 2026,CROATIA Hnl 2025 2026,23/08/2025,13:45,Round 4,Slaven Belupo,Lok. Zagreb,1,2,[91],"[10, 61]",bet365,2.3,2.3,4.75,bet365,1.7,3.7,4.33,bet365,1.3,3.25,bet365,2.63,1.41,bet365,6.5,1.08,bet365,1.04,13.0,bet365,1.25,3.75,bet365,1.8,2.0,bet365,3.0,1.36,bet365,6.0,1.13,bet365,1.73,2.0,bet365,1.2,1.29,2.1,,0.0,,0.0,,0.0,,0.0,,0.0,,0.0,,0.0,,0.0,,0.0,,0.0,,0.0,,0.0,,0.0,,0.0,,0.0,,0.0,0.0,,0.0,0.0,,0.0,0.0,,0.0,0.0,,0.0,0.0,,0.0,0.0,,0.0,0.0,,0.0,0.0,,0.0,0.0,,0.0,0.0,,0.0,0.0,0.0,,0.0,0.0,0.0,,0.0,0.0,0.0,,0.0,0.0,0.0,,0.0,0.0,0.0,,0.0,0.0,0.0,,,1.29,0.89,1.51,0.17,0.89,1.29,-1.11,0.29,,,0.83,0.77,0.54,0.38,0.69,0.63,0.0,0.0,0.32,0.08,19.0,9.0,3.0,4.0,9.0,4.0,,,,,,,,,,,34.0,11.0,,,,,,,9.0,10.0,,,,,1.0,1.0,,,0.47,0.67,48.0,47.0,18.0,47.0,6.0,6.0,0.0,0.0,0.0,0.0,,,0.02,0.38,0.61,0.1,,,6.0,4.0,1.0,1.0,3.0,2.0,,,,,,,4.0,7.0,0.0,1.0,,,,,1.27,0.51,0.9,0.07,,,13.0,5.0,2.0,3.0,6.0,2.0,,,,,,,,,5.0,3.0,1.0,0.0,,
phxAVCae,CROATIA,2025-2026,Hnl 2025 2026,CROATIA Hnl 2025 2026,22/08/2025,15:00,Round 4,Vukovar 1991,Gorica,2,2,"[43, 47]","[18, 36]",bet365,4.33,1.95,3.0,bet365,3.25,3.1,2.15,bet365,1.53,2.38,bet365,3.5,1.29,bet365,11.0,1.05,bet365,1.1,7.0,bet365,1.5,2.5,bet365,2.5,1.5,bet365,5.0,1.17,bet365,11.0,1.05,bet365,2.1,1.67,bet365,1.62,1.33,1.3,,0.0,,0.0,,0.0,,0.0,,0.0,,0.0,,0.0,,0.0,,0.0,,0.0,,0.0,,0.0,,0.0,,0.0,,0.0,,0.0,0.0,,0.0,0.0,,0.0,0.0,,0.0,0.0,,0.0,0.0,,0.0,0.0,,0.0,0.0,,0.0,0.0,,0.0,0.0,,0.0,0.0,,0.0,0.0,0.0,,0.0,0.0,0.0,,0.0,0.0,0.0,,0.0,0.0,0.0,,0.0,0.0,0.0,,0.0,0.0,0.0,,,1.93,2.56,1.12,2.45,2.56,1.93,0.34,-0.07,,,0.75,0.84,0.37,0.38,0.58,0.65,0.0,2.0,0.35,0.31,11.0,22.0,3.0,9.0,7.0,10.0,,,,,,,,,,,19.0,39.0,,,,,,,16.0,9.0,,,,,0.0,4.0,,,0.75,0.77,51.0,55.0,19.0,16.0,11.0,9.0,0.0,0.0,0.0,0.0,,,0.61,1.39,0.02,1.28,,,2.0,9.0,1.0,4.0,1.0,4.0,,,,,,,10.0,5.0,0.0,1.0,,,,,1.32,1.17,1.1,1.17,,,9.0,13.0,2.0,5.0,6.0,6.0,,,,,,,,,6.0,4.0,0.0,3.0,,
tbfrHDp2,CROATIA,2025-2026,Hnl 2025 2026,CROATIA Hnl 2025 2026,17/08/2025,16:00,Round 3,Hajduk Split,Slaven Belupo,3,0,"[69, 78, 88]",[],bet365,2.2,2.3,5.5,bet365,1.62,3.8,5.0,bet365,1.36,3.0,bet365,2.63,1.44,bet365,7.0,1.1,bet365,1.05,11.0,bet365,1.29,3.5,bet365,1.9,1.9,bet365,3.25,1.33,bet365,6.5,1.11,bet365,1.83,1.83,bet365,1.17,1.25,2.25,,0.0,,0.0,,0.0,,0.0,,0.0,,0.0,,0.0,,0.0,,0.0,,0.0,,0.0,,0.0,,0.0,,0.0,,0.0,,0.0,0.0,,0.0,0.0,,0.0,0.0,,0.0,0.0,,0.0,0.0,,0.0,0.0,,0.0,0.0,,0.0,0.0,,0.0,0.0,,0.0,0.0,,0.0,0.0,0.0,,0.0,0.0,0.0,,0.0,0.0,0.0,,0.0,0.0,0.0,,0.0,0.0,0.0,,0.0,0.0,0.0,,,2.76,0.0,2.68,0.97,0.0,2.76,0.0,-0.24,,,0.82,0.73,0.53,0.36,0.67,0.61,1.0,0.0,0.42,0.2,25.0,5.0,6.0,1.0,11.0,3.0,,,,,,,,,,,35.0,10.0,,,,,,,8.0,17.0,,,,,0.0,2.0,,,0.7,0.4,80.0,45.0,12.0,27.0,5.0,14.0,1.0,1.0,0.0,0.0,,,0.05,0.0,1.46,0.71,,,13.0,3.0,1.0,1.0,7.0,1.0,,,,,,,4.0,8.0,0.0,2.0,,,,,2.71,0.0,1.22,0.26,,,12.0,2.0,5.0,0.0,4.0,2.0,,,,,,,,,4.0,9.0,0.0,0.0,,
pW0ZIZFk,CROATIA,2025-2026,Hnl 2025 2026,CROATIA Hnl 2025 2026,17/08/2025,13:45,Round 3,Varazdin,Osijek,0,0,[],[],bet365,3.4,2.05,3.4,bet365,2.6,3.1,2.7,bet365,1.44,2.63,bet365,3.25,1.33,bet365,10.0,1.06,bet365,1.07,9.0,bet365,1.4,2.75,bet365,2.25,1.62,bet365,4.0,1.22,bet365,9.0,1.07,bet365,1.91,1.8,bet365,1.44,1.36,1.5,,0.0,,0.0,,0.0,,0.0,,0.0,,0.0,,0.0,,0.0,,0.0,,0.0,,0.0,,0.0,,0.0,,0.0,,0.0,,0.0,0.0,,0.0,0.0,,0.0,0.0,,0.0,0.0,,0.0,0.0,,0.0,0.0,,0.0,0.0,,0.0,0.0,,0.0,0.0,,0.0,0.0,,0.0,0.0,0.0,,0.0,0.0,0.0,,0.0,0.0,0.0,,0.0,0.0,0.0,,0.0,0.0,0.0,,0.0,0.0,0.0,,,0.13,0.15,0.62,0.6,0.15,0.13,0.15,0.13,,,0.77,0.81,0.52,0.43,0.71,0.6,0.0,0.0,0.23,0.4,14.0,12.0,3.0,2.0,8.0,4.0,,,,,,,,,,,18.0,25.0,,,,,,,17.0,14.0,,,,,0.0,3.0,,,0.65,0.56,60.0,50.0,25.0,23.0,12.0,1.0,0.0,0.0,0.0,0.0,,,0.06,0.03,0.41,0.26,,,6.0,4.0,1.0,1.0,5.0,1.0,,,,,,,8.0,5.0,0.0,0.0,,,,,0.07,0.12,0.21,0.34,,,8.0,8.0,2.0,1.0,3.0,3.0,,,,,,,,,9.0,9.0,0.0,3.0,,
EmA3OehS,CROATIA,2025-2026,Hnl 2025 2026,CROATIA Hnl 2025 2026,16/08/2025,16:00,Round 3,Rijeka,Din. Zagreb,0,2,[],"[24, 31]",bet365,4.75,2.1,2.6,bet365,4.33,3.0,1.9,bet365,1.44,2.63,bet365,3.25,1.33,bet365,9.0,1.07,bet365,1.08,8.0,bet365,1.36,3.0,bet365,2.2,1.65,bet365,4.0,1.22,bet365,9.0,1.07,bet365,1.91,1.8,bet365,1.91,1.36,1.2,,0.0,,0.0,,0.0,,0.0,,0.0,,0.0,,0.0,,0.0,,0.0,,0.0,,0.0,,0.0,,0.0,,0.0,,0.0,,0.0,0.0,,0.0,0.0,,0.0,0.0,,0.0,0.0,,0.0,0.0,,0.0,0.0,,0.0,0.0,,0.0,0.0,,0.0,0.0,,0.0,0.0,,0.0,0.0,0.0,,0.0,0.0,0.0,,0.0,0.0,0.0,,0.0,0.0,0.0,,0.0,0.0,0.0,,0.0,0.0,0.0,,,0.94,1.06,0.85,0.52,1.06,0.94,-0.94,0.94,,,0.81,0.81,0.44,0.36,0.62,0.73,2.0,1.0,0.22,0.25,14.0,8.0,3.0,3.0,8.0,5.0,,,,,,,,,,,24.0,14.0,,,,,,,17.0,19.0,,,,,3.0,1.0,,,0.53,0.27,50.0,41.0,10.0,31.0,7.0,8.0,0.0,0.0,0.0,0.0,,,0.0,1.06,0.05,0.38,,,3.0,4.0,0.0,3.0,2.0,1.0,,,,,,,9.0,11.0,0.0,0.0,,,,,0.94,0.0,0.8,0.14,,,11.0,4.0,3.0,0.0,6.0,4.0,,,,,,,,,8.0,8.0,3.0,1.0,,
YisUvHx9,CROATIA,2025-2026,Hnl 2025 2026,CROATIA Hnl 2025 2026,16/08/2025,13:15,Round 3,Lok. Zagreb,Gorica,1,3,[12],"[52, 56, 85]",bet365,3.0,2.1,3.75,bet365,2.2,3.25,3.1,bet365,1.44,2.63,bet365,3.0,1.36,bet365,9.0,1.07,bet365,1.06,10.0,bet365,1.33,3.25,bet365,2.1,1.7,bet365,3.75,1.25,bet365,8.0,1.08,bet365,1.83,1.83,bet365,1.36,1.33,1.67,,0.0,,0.0,,0.0,,0.0,,0.0,,0.0,,0.0,,0.0,,0.0,,0.0,,0.0,,0.0,,0.0,,0.0,,0.0,,0.0,0.0,,0.0,0.0,,0.0,0.0,,0.0,0.0,,0.0,0.0,,0.0,0.0,,0.0,0.0,,0.0,0.0,,0.0,0.0,,0.0,0.0,,0.0,0.0,0.0,,0.0,0.0,0.0,,0.0,0.0,0.0,,0.0,0.0,0.0,,0.0,0.0,0.0,,0.0,0.0,0.0,,,0.98,1.58,0.54,0.73,1.58,0.98,-1.42,-0.02,,,0.81,0.79,0.45,0.46,0.65,0.63,0.0,1.0,0.13,0.28,9.0,12.0,2.0,5.0,6.0,2.0,,,,,,,,,,,16.0,19.0,,,,,,,10.0,13.0,,,,,2.0,2.0,,,0.61,0.35,55.0,56.0,27.0,24.0,11.0,6.0,0.0,0.0,0.0,0.0,,,0.92,0.37,0.16,0.47,,,4.0,6.0,1.0,2.0,3.0,1.0,,,,,,,6.0,6.0,1.0,0.0,,,,,0.06,1.21,0.38,0.26,,,5.0,6.0,1.0,3.0,3.0,1.0,,,,,,,,,4.0,7.0,1.0,2.0,,
hfcVxe7L,CROATIA,2025-2026,Hnl 2025 2026,CROATIA Hnl 2025 2026,15/08/2025,13:45,Round 3,Vukovar 1991,Istra 1961,1,1,[41],[39],bet365,4.33,2.05,2.88,bet365,3.4,3.1,2.05,bet365,1.5,2.5,bet365,3.4,1.3,bet365,10.0,1.06,bet365,1.08,8.0,bet365,1.4,2.75,bet365,2.25,1.62,bet365,4.33,1.2,bet365,10.0,1.06,bet365,2.0,1.73,bet365,1.67,1.33,1.29,,0.0,,0.0,,0.0,,0.0,,0.0,,0.0,,0.0,,0.0,,0.0,,0.0,,0.0,,0.0,,0.0,,0.0,,0.0,,0.0,0.0,,0.0,0.0,,0.0,0.0,,0.0,0.0,,0.0,0.0,,0.0,0.0,,0.0,0.0,,0.0,0.0,,0.0,0.0,,0.0,0.0,,0.0,0.0,0.0,,0.0,0.0,0.0,,0.0,0.0,0.0,,0.0,0.0,0.0,,0.0,0.0,0.0,,0.0,0.0,0.0,,,1.15,1.32,1.03,0.93,1.32,1.15,0.32,0.15,,,0.86,0.86,0.5,0.48,0.68,0.65,0.0,2.0,0.36,0.1,10.0,7.0,2.0,5.0,6.0,2.0,,,,,,,,,,,14.0,25.0,,,,,,,6.0,8.0,,,,,2.0,4.0,,,0.64,0.57,39.0,33.0,34.0,16.0,6.0,10.0,0.0,1.0,1.0,0.0,,,1.15,0.9,0.73,0.55,,,5.0,3.0,2.0,2.0,2.0,1.0,,,,,,,0.0,3.0,0.0,1.0,,,,,0.0,0.42,0.3,0.38,,,5.0,4.0,0.0,3.0,4.0,1.0,,,,,,,,,6.0,5.0,2.0,3.0,,
pIL04z1d,CROATIA,2025-2026,Hnl 2025 2026,CROATIA Hnl 2025 2026,10/08/2025,16:00,Round 2,Hajduk Split,Gorica,2,0,"[52, 62]",[],bet365,2.0,2.25,7.5,bet365,1.44,4.2,6.5,bet365,1.4,2.75,bet365,3.0,1.36,bet365,8.0,1.08,bet365,1.06,10.0,bet365,1.33,3.25,bet365,2.05,1.75,bet365,3.75,1.25,bet365,8.0,1.08,bet365,2.25,1.57,bet365,1.11,1.22,2.63,,0.0,,0.0,,0.0,,0.0,,0.0,,0.0,,0.0,,0.0,,0.0,,0.0,,0.0,,0.0,,0.0,,0.0,,0.0,,0.0,0.0,,0.0,0.0,,0.0,0.0,,0.0,0.0,,0.0,0.0,,0.0,0.0,,0.0,0.0,,0.0,0.0,,0.0,0.0,,0.0,0.0,,0.0,0.0,0.0,,0.0,0.0,0.0,,0.0,0.0,0.0,,0.0,0.0,0.0,,0.0,0.0,0.0,,0.0,0.0,0.0,,,2.84,0.15,1.09,1.06,0.15,2.84,0.0,0.84,,,0.87,0.79,0.56,0.37,0.78,0.59,1.0,0.0,0.42,0.17,23.0,6.0,10.0,1.0,7.0,4.0,,,,,,,,,,,37.0,15.0,,,,,,,11.0,10.0,,,,,4.0,0.0,,,0.77,0.56,43.0,41.0,15.0,29.0,3.0,5.0,0.0,0.0,0.0,0.0,,,0.79,0.15,0.51,1.03,,,11.0,5.0,4.0,1.0,3.0,3.0,,,,,,,7.0,5.0,1.0,0.0,,,,,2.05,0.0,0.58,0.03,,,12.0,1.0,6.0,0.0,4.0,1.0,,,,,,,,,4.0,5.0,3.0,0.0,,
0Q3mSwg3,CROATIA,2025-2026,Hnl 2025 2026,CROATIA Hnl 2025 2026,10/08/2025,13:45,Round 2,Slaven Belupo,Varazdin,3,1,"[35, 78, 93]",[27],bet365,3.0,2.1,3.75,bet365,2.3,3.1,3.0,bet365,1.44,2.63,bet365,3.25,1.33,bet365,9.0,1.07,bet365,1.07,9.0,bet365,1.33,3.25,bet365,2.1,1.7,bet365,3.75,1.25,bet365,8.0,1.08,bet365,1.83,1.83,bet365,1.36,1.36,1.57,,0.0,,0.0,,0.0,,0.0,,0.0,,0.0,,0.0,,0.0,,0.0,,0.0,,0.0,,0.0,,0.0,,0.0,,0.0,,0.0,0.0,,0.0,0.0,,0.0,0.0,,0.0,0.0,,0.0,0.0,,0.0,0.0,,0.0,0.0,,0.0,0.0,,0.0,0.0,,0.0,0.0,,0.0,0.0,0.0,,0.0,0.0,0.0,,0.0,0.0,0.0,,0.0,0.0,0.0,,0.0,0.0,0.0,,0.0,0.0,0.0,,,1.39,0.57,1.39,0.66,0.57,1.39,-0.43,-1.61,,,0.84,0.73,0.5,0.37,0.65,0.56,3.0,0.0,0.26,0.18,18.0,4.0,7.0,1.0,8.0,2.0,,,,,,,,,,,31.0,9.0,,,,,,,12.0,9.0,,,,,0.0,0.0,,,0.53,0.7,39.0,39.0,9.0,40.0,8.0,3.0,0.0,0.0,0.0,0.0,,,0.32,0.57,0.61,0.54,,,11.0,3.0,4.0,1.0,6.0,1.0,,,,,,,7.0,4.0,0.0,0.0,,,,,1.07,0.0,0.78,0.12,,,7.0,1.0,3.0,0.0,2.0,1.0,,,,,,,,,5.0,5.0,0.0,0.0,,
hYLfQHNF,CROATIA,2025-2026,Hnl 2025 2026,CROATIA Hnl 2025 2026,09/08/2025,16:00,Round 2,Osijek,Rijeka,0,0,[],[],bet365,3.4,2.05,3.4,bet365,2.7,2.8,2.7,bet365,1.44,2.63,bet365,3.25,1.33,bet365,9.0,1.07,bet365,1.08,8.0,bet365,1.33,3.25,bet365,2.15,1.67,bet365,3.75,1.25,bet365,9.0,1.07,bet365,1.83,1.83,bet365,1.4,1.36,1.4,,0.0,,0.0,,0.0,,0.0,,0.0,,0.0,,0.0,,0.0,,0.0,,0.0,,0.0,,0.0,,0.0,,0.0,,0.0,,0.0,0.0,,0.0,0.0,,0.0,0.0,,0.0,0.0,,0.0,0.0,,0.0,0.0,,0.0,0.0,,0.0,0.0,,0.0,0.0,,0.0,0.0,,0.0,0.0,0.0,,0.0,0.0,0.0,,0.0,0.0,0.0,,0.0,0.0,0.0,,0.0,0.0,0.0,,0.0,0.0,0.0,,,0.46,0.07,0.99,0.68,0.07,0.46,0.07,0.46,,,0.86,0.8,0.49,0.46,0.79,0.65,0.0,0.0,0.18,0.18,22.0,11.0,3.0,1.0,10.0,7.0,,,,,,,,,,,40.0,13.0,,,,,,,19.0,10.0,,,,,0.0,0.0,,,0.6,0.5,54.0,51.0,21.0,32.0,5.0,10.0,0.0,0.0,0.0,0.0,,,0.0,0.07,0.48,0.15,,,11.0,5.0,0.0,1.0,4.0,3.0,,,,,,,12.0,1.0,0.0,0.0,,,,,0.46,0.0,0.51,0.53,,,11.0,6.0,3.0,0.0,6.0,4.0,,,,,,,,,7.0,9.0,0.0,0.0,,
C4Nh6dWq,CROATIA,2025-2026,Hnl 2025 2026,CROATIA Hnl 2025 2026,09/08/2025,13:15,Round 2,Istra 1961,Lok. Zagreb,2,2,"[47, 77]","[8, 94]",bet365,2.1,2.3,6.0,bet365,1.55,3.5,6.25,bet365,1.36,3.0,bet365,2.75,1.4,bet365,7.0,1.1,bet365,1.05,11.0,bet365,1.25,3.75,bet365,1.9,1.9,bet365,3.25,1.33,bet365,6.5,1.11,bet365,1.91,1.8,bet365,1.13,1.29,2.38,,0.0,,0.0,,0.0,,0.0,,0.0,,0.0,,0.0,,0.0,,0.0,,0.0,,0.0,,0.0,,0.0,,0.0,,0.0,,0.0,0.0,,0.0,0.0,,0.0,0.0,,0.0,0.0,,0.0,0.0,,0.0,0.0,,0.0,0.0,,0.0,0.0,,0.0,0.0,,0.0,0.0,,0.0,0.0,0.0,,0.0,0.0,0.0,,0.0,0.0,0.0,,0.0,0.0,0.0,,0.0,0.0,0.0,,0.0,0.0,0.0,,,1.31,2.25,1.28,0.53,2.25,1.31,0.25,-0.69,,,0.8,0.81,0.29,0.47,0.7,0.69,3.0,0.0,0.19,0.24,17.0,13.0,4.0,5.0,7.0,4.0,,,,,,,,,,,28.0,15.0,,,,,,,7.0,14.0,,,,,1.0,1.0,,,0.57,0.92,45.0,30.0,25.0,41.0,6.0,10.0,0.0,1.0,0.0,1.0,,,0.0,1.71,0.45,0.13,,,6.0,6.0,0.0,4.0,4.0,1.0,,,,,,,4.0,9.0,1.0,1.0,,,,,1.31,0.54,0.83,0.4,,,11.0,7.0,4.0,1.0,3.0,3.0,,,,,,,,,3.0,5.0,0.0,0.0,,
hKtMBI8M,CROATIA,2025-2026,Hnl 2025 2026,CROATIA Hnl 2025 2026,08/08/2025,16:00,Round 2,Din. Zagreb,Vukovar 1991,3,0,"[45, 65, 77]",[],bet365,1.4,3.2,21.0,bet365,1.08,8.5,26.0,bet365,1.25,3.75,bet365,2.1,1.67,bet365,4.5,1.18,bet365,1.02,19.0,bet365,1.14,5.5,bet365,1.5,2.5,bet365,2.2,1.62,bet365,3.75,1.25,bet365,3.25,1.33,bet365,1.01,1.08,8.0,,0.0,,0.0,,0.0,,0.0,,0.0,,0.0,,0.0,,0.0,,0.0,,0.0,,0.0,,0.0,,0.0,,0.0,,0.0,,0.0,0.0,,0.0,0.0,,0.0,0.0,,0.0,0.0,,0.0,0.0,,0.0,0.0,,0.0,0.0,,0.0,0.0,,0.0,0.0,,0.0,0.0,,0.0,0.0,0.0,,0.0,0.0,0.0,,0.0,0.0,0.0,,0.0,0.0,0.0,,0.0,0.0,0.0,,0.0,0.0,0.0,,,3.94,0.27,2.53,0.22,0.27,3.94,0.27,0.94,,,0.88,0.69,0.49,0.31,0.78,0.4,2.0,0.0,0.35,0.27,28.0,9.0,11.0,3.0,11.0,3.0,,,,,,,,,,,50.0,11.0,,,,,,,9.0,10.0,,,,,2.0,1.0,,,0.78,0.62,47.0,33.0,18.0,35.0,8.0,9.0,0.0,2.0,0.0,0.0,,,1.49,0.17,0.94,0.16,,,14.0,5.0,6.0,2.0,4.0,3.0,,,,,,,6.0,6.0,1.0,0.0,,,,,2.45,0.1,1.59,0.06,,,14.0,4.0,5.0,1.0,7.0,0.0,,,,,,,,,3.0,4.0,1.0,1.0,,
Is2JicHj,CROATIA,2025-2026,Hnl 2025 2026,CROATIA Hnl 2025 2026,04/08/2025,15:00,Round 1,Varazdin,Gorica,1,1,[67],[23],bet365,2.38,2.1,5.5,bet365,1.7,3.6,4.5,bet365,1.44,2.63,bet365,3.25,1.33,bet365,10.0,1.06,bet365,1.07,9.0,bet365,1.36,3.0,bet365,2.2,1.65,bet365,4.0,1.22,bet365,9.0,1.07,bet365,2.1,1.67,bet365,1.18,1.29,2.1,,0.0,,0.0,,0.0,,0.0,,0.0,,0.0,,0.0,,0.0,,0.0,,0.0,,0.0,,0.0,,0.0,,0.0,,0.0,,0.0,0.0,,0.0,0.0,,0.0,0.0,,0.0,0.0,,0.0,0.0,,0.0,0.0,,0.0,0.0,,0.0,0.0,,0.0,0.0,,0.0,0.0,,0.0,0.0,0.0,,0.0,0.0,0.0,,0.0,0.0,0.0,,0.0,0.0,0.0,,0.0,0.0,0.0,,0.0,0.0,0.0,,,1.11,1.04,1.0,0.35,1.04,1.11,0.04,0.11,,,0.87,0.76,0.61,0.38,0.75,0.64,1.0,0.0,0.13,0.16,17.0,13.0,5.0,3.0,8.0,6.0,,,,,,,,,,,28.0,13.0,,,,,,,6.0,11.0,,,,,1.0,1.0,,,0.44,0.56,52.0,49.0,24.0,31.0,4.0,5.0,2.0,0.0,1.0,0.0,,,0.04,0.81,0.54,0.24,,,10.0,6.0,1.0,2.0,6.0,2.0,,,,,,,1.0,4.0,0.0,1.0,,,,,1.07,0.23,0.46,0.11,,,7.0,7.0,4.0,1.0,2.0,4.0,,,,,,,,,5.0,7.0,1.0,0.0,,
plf5F09c,CROATIA,2025-2026,Hnl 2025 2026,CROATIA Hnl 2025 2026,03/08/2025,16:00,Round 1,Hajduk Split,Istra 1961,2,1,"[49, 85]",[48],bet365,2.5,2.1,5.0,bet365,1.83,3.1,4.5,bet365,1.44,2.63,bet365,3.25,1.33,bet365,9.0,1.07,bet365,1.08,8.0,bet365,1.36,3.0,bet365,2.2,1.65,bet365,4.0,1.22,bet365,9.0,1.07,bet365,2.0,1.73,bet365,1.18,1.36,1.91,,0.0,,0.0,,0.0,,0.0,,0.0,,0.0,,0.0,,0.0,,0.0,,0.0,,0.0,,0.0,,0.0,,0.0,,0.0,,0.0,0.0,,0.0,0.0,,0.0,0.0,,0.0,0.0,,0.0,0.0,,0.0,0.0,,0.0,0.0,,0.0,0.0,,0.0,0.0,,0.0,0.0,,0.0,0.0,0.0,,0.0,0.0,0.0,,0.0,0.0,0.0,,0.0,0.0,0.0,,0.0,0.0,0.0,,0.0,0.0,0.0,,,2.59,0.4,1.11,0.63,0.4,2.59,-0.6,0.59,,,0.84,0.76,0.44,0.45,0.7,0.45,0.0,0.0,0.21,0.4,14.0,9.0,6.0,3.0,5.0,3.0,,,,,,,,,,,19.0,17.0,,,,,,,14.0,17.0,,,,,1.0,0.0,,,0.64,0.59,49.0,53.0,22.0,24.0,4.0,8.0,0.0,0.0,1.0,0.0,,,1.77,0.0,0.36,0.07,,,8.0,3.0,4.0,0.0,1.0,1.0,,,,,,,8.0,9.0,0.0,0.0,,,,,0.82,0.4,0.75,0.56,,,6.0,6.0,2.0,3.0,4.0,2.0,,,,,,,,,6.0,8.0,1.0,0.0,,
bcLncJgT,CROATIA,2025-2026,Hnl 2025 2026,CROATIA Hnl 2025 2026,03/08/2025,13:45,Round 1,Rijeka,Slaven Belupo,2,0,"[93, 96]",[],bet365,2.05,2.3,6.5,bet365,1.48,3.8,6.25,bet365,1.4,2.75,bet365,2.75,1.4,bet365,8.0,1.08,bet365,1.05,11.0,bet365,1.3,3.4,bet365,1.98,1.83,bet365,3.4,1.3,bet365,7.0,1.1,bet365,2.1,1.67,bet365,1.11,1.22,2.5,,0.0,,0.0,,0.0,,0.0,,0.0,,0.0,,0.0,,0.0,,0.0,,0.0,,0.0,,0.0,,0.0,,0.0,,0.0,,0.0,0.0,,0.0,0.0,,0.0,0.0,,0.0,0.0,,0.0,0.0,,0.0,0.0,,0.0,0.0,,0.0,0.0,,0.0,0.0,,0.0,0.0,,0.0,0.0,0.0,,0.0,0.0,0.0,,0.0,0.0,0.0,,0.0,0.0,0.0,,0.0,0.0,0.0,,0.0,0.0,0.0,,,2.37,0.11,1.92,0.43,0.11,2.37,0.11,-0.38,,,0.81,0.82,0.54,0.41,0.69,0.73,2.0,0.0,0.33,0.18,20.0,5.0,8.0,2.0,9.0,2.0,,,,,,,,,,,30.0,10.0,,,,,,,7.0,16.0,,,,,0.0,3.0,,,0.67,0.64,56.0,36.0,25.0,17.0,13.0,7.0,0.0,0.0,0.0,0.0,,,0.87,0.05,1.04,0.15,,,13.0,1.0,4.0,1.0,6.0,0.0,,,,,,,3.0,8.0,0.0,1.0,,,,,1.5,0.06,0.88,0.28,,,7.0,4.0,4.0,1.0,3.0,2.0,,,,,,,,,4.0,8.0,0.0,2.0,,
QqNvauPG,CROATIA,2025-2026,Hnl 2025 2026,CROATIA Hnl 2025 2026,02/08/2025,16:00,Round 1,Osijek,Din. Zagreb,0,2,[],"[78, 85]",bet365,4.75,2.4,2.2,bet365,4.75,3.5,1.67,bet365,1.3,3.4,bet365,2.38,1.53,bet365,6.0,1.13,bet365,1.03,15.0,bet365,1.18,4.5,bet365,1.65,2.2,bet365,2.5,1.5,bet365,4.5,1.18,bet365,1.67,2.1,bet365,2.0,1.25,1.17,,0.0,,0.0,,0.0,,0.0,,0.0,,0.0,,0.0,,0.0,,0.0,,0.0,,0.0,,0.0,,0.0,,0.0,,0.0,,0.0,0.0,,0.0,0.0,,0.0,0.0,,0.0,0.0,,0.0,0.0,,0.0,0.0,,0.0,0.0,,0.0,0.0,,0.0,0.0,,0.0,0.0,,0.0,0.0,0.0,,0.0,0.0,0.0,,0.0,0.0,0.0,,0.0,0.0,0.0,,0.0,0.0,0.0,,0.0,0.0,0.0,,,0.33,2.14,0.8,2.22,2.14,0.33,0.14,0.33,,,0.79,0.81,0.46,0.46,0.65,0.77,0.0,1.0,0.2,0.33,12.0,14.0,3.0,6.0,3.0,7.0,,,,,,,,,,,20.0,32.0,,,,,,,15.0,9.0,,,,,1.0,1.0,,,0.53,0.52,41.0,69.0,17.0,22.0,7.0,6.0,2.0,1.0,1.0,0.0,,,0.11,0.22,0.22,0.8,,,7.0,6.0,2.0,2.0,2.0,4.0,,,,,,,7.0,5.0,1.0,1.0,,,,,0.22,1.92,0.58,1.42,,,5.0,8.0,1.0,4.0,1.0,3.0,,,,,,,,,8.0,4.0,0.0,0.0,,
63rEDvvA,CROATIA,2025-2026,Hnl 2025 2026,CROATIA Hnl 2025 2026,01/08/2025,15:00,Round 1,Lok. Zagreb,Vukovar 1991,1,0,[35],[],bet365,2.5,2.1,4.75,bet365,1.83,3.4,3.9,bet365,1.44,2.63,bet365,3.0,1.36,bet365,9.0,1.07,bet365,1.06,10.0,bet365,1.33,3.25,bet365,2.08,1.73,bet365,3.75,1.25,bet365,8.0,1.08,bet365,1.91,1.8,bet365,1.22,1.29,1.8,,0.0,,0.0,,0.0,,0.0,,0.0,,0.0,,0.0,,0.0,,0.0,,0.0,,0.0,,0.0,,0.0,,0.0,,0.0,,0.0,0.0,,0.0,0.0,,0.0,0.0,,0.0,0.0,,0.0,0.0,,0.0,0.0,,0.0,0.0,,0.0,0.0,,0.0,0.0,,0.0,0.0,,0.0,0.0,0.0,,0.0,0.0,0.0,,0.0,0.0,0.0,,0.0,0.0,0.0,,0.0,0.0,0.0,,0.0,0.0,0.0,,,1.44,0.24,0.76,0.31,0.24,1.44,0.24,-0.26,,,0.84,0.8,0.58,0.49,0.72,0.67,0.0,0.0,0.15,0.27,10.0,9.0,5.0,2.0,3.0,3.0,,,,,,,,,,,34.0,14.0,,,,,,,17.0,12.0,,,,,2.0,4.0,,,0.58,0.69,57.0,53.0,26.0,29.0,9.0,11.0,0.0,1.0,0.0,0.0,,,0.62,0.05,0.51,0.12,,,4.0,6.0,2.0,1.0,1.0,1.0,,,,,,,9.0,4.0,0.0,1.0,,,,,0.82,0.19,0.25,0.19,,,6.0,3.0,3.0,1.0,2.0,2.0,,,,,,,,,8.0,8.0,2.0,3.0,,
GWdkh1nD,CROATIA,2025-2026,Hnl 2025 2026,CROATIA Hnl 2025 2026,14/12/2025,13:45,Round 17,Istra 1961,Rijeka,1,1,[5],[9],bet365,4.0,2.05,2.88,bet365,3.25,3.1,2.15,bet365,1.44,2.63,bet365,3.25,1.33,bet365,9.0,1.07,bet365,1.07,9.0,bet365,1.36,3.0,bet365,2.15,1.67,bet365,4.0,1.22,bet365,9.0,1.07,bet365,1.83,1.83,bet365,1.62,1.33,1.3,,0.0,,0.0,,0.0,,0.0,,0.0,,0.0,,0.0,,0.0,,0.0,,0.0,,0.0,,0.0,,0.0,,0.0,,0.0,,0.0,0.0,,0.0,0.0,,0.0,0.0,,0.0,0.0,,0.0,0.0,,0.0,0.0,,0.0,0.0,,0.0,0.0,,0.0,0.0,,0.0,0.0,,0.0,0.0,0.0,,0.0,0.0,0.0,,0.0,0.0,0.0,,0.0,0.0,0.0,,0.0,0.0,0.0,,0.0,0.0,0.0,,,,,,,,,,,,,,,,,,,,,,,,,,,,,,,,,,,,,,,,,,,,,,,,,,,,,,,,,,,,,,,,,,,,,,,,,,,,,,,,,,,,,,,,,,,,,,,,,,,,,,,,,,,,,,,,,,,,,,,,,,
lK5Yeqml,CROATIA,2025-2026,Hnl 2025 2026,CROATIA Hnl 2025 2026,14/12/2025,11:00,Round 17,Slaven Belupo,Din. Zagreb,2,5,"[2, 75]","[5, 23, 35, 46, 57]",bet365,4.75,2.3,2.3,bet365,4.2,3.6,1.7,bet365,1.33,3.25,bet365,2.5,1.5,bet365,6.5,1.11,bet365,1.04,13.0,bet365,1.25,3.75,bet365,1.8,2.0,bet365,3.0,1.36,bet365,5.5,1.14,bet365,1.73,2.0,bet365,2.0,1.25,1.2,,0.0,,0.0,,0.0,,0.0,,0.0,,0.0,,0.0,,0.0,,0.0,,0.0,,0.0,,0.0,,0.0,,0.0,,0.0,,0.0,0.0,,0.0,0.0,,0.0,0.0,,0.0,0.0,,0.0,0.0,,0.0,0.0,,0.0,0.0,,0.0,0.0,,0.0,0.0,,0.0,0.0,,0.0,0.0,0.0,,0.0,0.0,0.0,,0.0,0.0,0.0,,0.0,0.0,0.0,,0.0,0.0,0.0,,0.0,0.0,0.0,,,,,,,,,,,,,,,,,,,,,,,,,,,,,,,,,,,,,,,,,,,,,,,,,,,,,,,,,,,,,,,,,,,,,,,,,,,,,,,,,,,,,,,,,,,,,,,,,,,,,,,,,,,,,,,,,,,,,,,,,,
xv79cdOh,CROATIA,2025-2026,Hnl 2025 2026,CROATIA Hnl 2025 2026,13/12/2025,13:45,Round 17,Lok. Zagreb,Hajduk Split,1,3,[12],"[27, 54, 73]",bet365,3.75,2.1,3.0,bet365,3.1,3.1,2.25,bet365,1.44,2.63,bet365,3.25,1.33,bet365,9.0,1.07,bet365,1.06,10.0,bet365,1.33,3.25,bet365,2.08,1.73,bet365,3.75,1.25,bet365,8.0,1.08,bet365,1.83,1.83,bet365,1.62,1.36,1.36,,0.0,,0.0,,0.0,,0.0,,0.0,,0.0,,0.0,,0.0,,0.0,,0.0,,0.0,,0.0,,0.0,,0.0,,0.0,,0.0,0.0,,0.0,0.0,,0.0,0.0,,0.0,0.0,,0.0,0.0,,0.0,0.0,,0.0,0.0,,0.0,0.0,,0.0,0.0,,0.0,0.0,,0.0,0.0,0.0,,0.0,0.0,0.0,,0.0,0.0,0.0,,0.0,0.0,0.0,,0.0,0.0,0.0,,0.0,0.0,0.0,,,,,,,,,,,,,,,,,,,,,,,,,,,,,,,,,,,,,,,,,,,,,,,,,,,,,,,,,,,,,,,,,,,,,,,,,,,,,,,,,,,,,,,,,,,,,,,,,,,,,,,,,,,,,,,,,,,,,,,,,,
fH8tfNH0,CROATIA,2025-2026,Hnl 2025 2026,CROATIA Hnl 2025 2026,13/12/2025,11:00,Round 17,Osijek,Gorica,1,1,[81],[22],bet365,3.1,2.1,3.4,bet365,2.4,3.0,2.75,bet365,1.4,2.75,bet365,3.0,1.36,bet365,8.0,1.08,bet365,1.06,10.0,bet365,1.3,3.4,bet365,2.03,1.78,bet365,3.5,1.29,bet365,7.0,1.1,bet365,1.73,2.0,bet365,1.36,1.33,1.5,,0.0,,0.0,,0.0,,0.0,,0.0,,0.0,,0.0,,0.0,,0.0,,0.0,,0.0,,0.0,,0.0,,0.0,,0.0,,0.0,0.0,,0.0,0.0,,0.0,0.0,,0.0,0.0,,0.0,0.0,,0.0,0.0,,0.0,0.0,,0.0,0.0,,0.0,0.0,,0.0,0.0,,0.0,0.0,0.0,,0.0,0.0,0.0,,0.0,0.0,0.0,,0.0,0.0,0.0,,0.0,0.0,0.0,,0.0,0.0,0.0,,,,,,,,,,,,,,,,,,,,,,,,,,,,,,,,,,,,,,,,,,,,,,,,,,,,,,,,,,,,,,,,,,,,,,,,,,,,,,,,,,,,,,,,,,,,,,,,,,,,,,,,,,,,,,,,,,,,,,,,,,
tCD0aIgt,CROATIA,2025-2026,Hnl 2025 2026,CROATIA Hnl 2025 2026,12/12/2025,14:00,Round 17,Vukovar 1991,Varazdin,2,0,"[64, 70]",[],bet365,3.5,2.25,2.88,bet365,2.9,3.4,2.15,bet365,1.33,3.25,bet365,2.63,1.44,bet365,7.0,1.1,bet365,1.05,11.0,bet365,1.25,3.75,bet365,1.85,1.95,bet365,3.25,1.33,bet365,6.0,1.13,bet365,1.67,2.1,bet365,1.62,1.29,1.36,,0.0,,0.0,,0.0,,0.0,,0.0,,0.0,,0.0,,0.0,,0.0,,0.0,,0.0,,0.0,,0.0,,0.0,,0.0,,0.0,0.0,,0.0,0.0,,0.0,0.0,,0.0,0.0,,0.0,0.0,,0.0,0.0,,0.0,0.0,,0.0,0.0,,0.0,0.0,,0.0,0.0,,0.0,0.0,0.0,,0.0,0.0,0.0,,0.0,0.0,0.0,,0.0,0.0,0.0,,0.0,0.0,0.0,,0.0,0.0,0.0,,,,,,,,,,,,,,,,,,,,,,,,,,,,,,,,,,,,,,,,,,,,,,,,,,,,,,,,,,,,,,,,,,,,,,,,,,,,,,,,,,,,,,,,,,,,,,,,,,,,,,,,,,,,,,,,,,,,,,,,,,
tYlyCewn,CROATIA,2025-2026,Hnl 2025 2026,CROATIA Hnl 2025 2026,21/12/2025,13:45,Round 18,Rijeka,Gorica,1,0,[53],[],bet365,2.05,2.3,6.0,bet365,1.5,3.75,5.75,bet365,1.36,3.0,bet365,2.75,1.4,bet365,7.0,1.1,bet365,1.05,11.0,bet365,1.29,3.5,bet365,1.9,1.9,bet365,3.25,1.33,bet365,6.5,1.11,bet365,2.0,1.73,bet365,1.13,1.22,2.38,,0.0,,0.0,,0.0,,0.0,,0.0,,0.0,,0.0,,0.0,,0.0,,0.0,,0.0,,0.0,,0.0,,0.0,,0.0,,0.0,0.0,,0.0,0.0,,0.0,0.0,,0.0,0.0,,0.0,0.0,,0.0,0.0,,0.0,0.0,,0.0,0.0,,0.0,0.0,,0.0,0.0,,0.0,0.0,0.0,,0.0,0.0,0.0,,0.0,0.0,0.0,,0.0,0.0,0.0,,0.0,0.0,0.0,,0.0,0.0,0.0,,,,,,,,,,,,,,,,,,,,,,,,,,,,,,,,,,,,,,,,,,,,,,,,,,,,,,,,,,,,,,,,,,,,,,,,,,,,,,,,,,,,,,,,,,,,,,,,,,,,,,,,,,,,,,,,,,,,,,,,,,
UgLIgENH,CROATIA,2025-2026,Hnl 2025 2026,CROATIA Hnl 2025 2026,21/12/2025,11:00,Round 18,Hajduk Split,Vukovar 1991,2,1,"[7, 70]",[61],bet365,1.73,2.63,8.0,bet365,1.3,4.75,8.0,bet365,1.25,3.75,bet365,2.25,1.57,bet365,5.5,1.14,bet365,1.02,17.0,bet365,1.17,5.0,bet365,1.57,2.35,bet365,2.38,1.53,bet365,4.0,1.22,bet365,1.83,1.83,bet365,1.07,1.17,3.25,,0.0,,0.0,,0.0,,0.0,,0.0,,0.0,,0.0,,0.0,,0.0,,0.0,,0.0,,0.0,,0.0,,0.0,,0.0,,0.0,0.0,,0.0,0.0,,0.0,0.0,,0.0,0.0,,0.0,0.0,,0.0,0.0,,0.0,0.0,,0.0,0.0,,0.0,0.0,,0.0,0.0,,0.0,0.0,0.0,,0.0,0.0,0.0,,0.0,0.0,0.0,,0.0,0.0,0.0,,0.0,0.0,0.0,,0.0,0.0,0.0,,,,,,,,,,,,,,,,,,,,,,,,,,,,,,,,,,,,,,,,,,,,,,,,,,,,,,,,,,,,,,,,,,,,,,,,,,,,,,,,,,,,,,,,,,,,,,,,,,,,,,,,,,,,,,,,,,,,,,,,,,
Ai5Hezg5,CROATIA,2025-2026,Hnl 2025 2026,CROATIA Hnl 2025 2026,20/12/2025,13:45,Round 18,Din. Zagreb,Lok. Zagreb,2,0,"[11, 58]",[],bet365,1.73,2.6,8.0,bet365,1.3,4.75,8.5,bet365,1.3,3.4,bet365,2.38,1.53,bet365,6.0,1.13,bet365,1.03,15.0,bet365,1.2,4.33,bet365,1.65,2.2,bet365,2.63,1.44,bet365,4.5,1.18,bet365,2.0,1.73,bet365,1.07,1.17,3.25,,0.0,,0.0,,0.0,,0.0,,0.0,,0.0,,0.0,,0.0,,0.0,,0.0,,0.0,,0.0,,0.0,,0.0,,0.0,,0.0,0.0,,0.0,0.0,,0.0,0.0,,0.0,0.0,,0.0,0.0,,0.0,0.0,,0.0,0.0,,0.0,0.0,,0.0,0.0,,0.0,0.0,,0.0,0.0,0.0,,0.0,0.0,0.0,,0.0,0.0,0.0,,0.0,0.0,0.0,,0.0,0.0,0.0,,0.0,0.0,0.0,,,,,,,,,,,,,,,,,,,,,,,,,,,,,,,,,,,,,,,,,,,,,,,,,,,,,,,,,,,,,,,,,,,,,,,,,,,,,,,,,,,,,,,,,,,,,,,,,,,,,,,,,,,,,,,,,,,,,,,,,,
lbhqAZ7b,CROATIA,2025-2026,Hnl 2025 2026,CROATIA Hnl 2025 2026,20/12/2025,11:00,Round 18,Osijek,Slaven Belupo,0,0,[],[],bet365,3.0,2.05,4.0,bet365,2.2,3.0,3.2,bet365,1.44,2.63,bet365,3.25,1.33,bet365,10.0,1.06,bet365,1.08,8.0,bet365,1.36,3.0,bet365,2.25,1.62,bet365,4.0,1.22,bet365,9.0,1.07,bet365,1.91,1.8,bet365,1.33,1.33,1.57,,0.0,,0.0,,0.0,,0.0,,0.0,,0.0,,0.0,,0.0,,0.0,,0.0,,0.0,,0.0,,0.0,,0.0,,0.0,,0.0,0.0,,0.0,0.0,,0.0,0.0,,0.0,0.0,,0.0,0.0,,0.0,0.0,,0.0,0.0,,0.0,0.0,,0.0,0.0,,0.0,0.0,,0.0,0.0,0.0,,0.0,0.0,0.0,,0.0,0.0,0.0,,0.0,0.0,0.0,,0.0,0.0,0.0,,0.0,0.0,0.0,,,,,,,,,,,,,,,,,,,,,,,,,,,,,,,,,,,,,,,,,,,,,,,,,,,,,,,,,,,,,,,,,,,,,,,,,,,,,,,,,,,,,,,,,,,,,,,,,,,,,,,,,,,,,,,,,,,,,,,,,,
xKOQihhU,CROATIA,2025-2026,Hnl 2025 2026,CROATIA Hnl 2025 2026,19/12/2025,12:00,Round 18,Varazdin,Istra 1961,1,3,[26],"[25, 46, 68]",bet365,3.1,2.0,3.75,bet365,2.3,2.9,3.1,bet365,1.5,2.5,bet365,3.4,1.3,bet365,10.0,1.06,bet365,1.1,7.0,bet365,1.44,2.63,bet365,2.4,1.53,bet365,4.5,1.18,bet365,11.0,1.05,bet365,2.0,1.73,bet365,1.33,1.36,1.53,,0.0,,0.0,,0.0,,0.0,,0.0,,0.0,,0.0,,0.0,,0.0,,0.0,,0.0,,0.0,,0.0,,0.0,,0.0,,0.0,0.0,,0.0,0.0,,0.0,0.0,,0.0,0.0,,0.0,0.0,,0.0,0.0,,0.0,0.0,,0.0,0.0,,0.0,0.0,,0.0,0.0,,0.0,0.0,0.0,,0.0,0.0,0.0,,0.0,0.0,0.0,,0.0,0.0,0.0,,0.0,0.0,0.0,,0.0,0.0,0.0,,,,,,,,,,,,,,,,,,,,,,,,,,,,,,,,,,,,,,,,,,,,,,,,,,,,,,,,,,,,,,,,,,,,,,,,,,,,,,,,,,,,,,,,,,,,,,,,,,,,,,,,,,,,,,,,,,,,,,,,,,
U70i8DxB,CROATIA,2025-2026,Hnl 2025 2026,CROATIA Hnl 2025 2026,25/01/2026,13:45,Round 19,Osijek,Din. Zagreb,0,3,[],"[30, 42, 89]",bet365,5.0,2.3,2.25,bet365,4.5,3.6,1.67,bet365,1.36,3.0,bet365,2.63,1.44,bet365,7.0,1.1,bet365,1.05,11.0,bet365,1.25,3.75,bet365,1.83,1.98,bet365,3.0,1.36,bet365,6.0,1.13,bet365,1.8,1.91,bet365,2.0,1.25,1.17,,0.0,,0.0,,0.0,,0.0,,0.0,,0.0,,0.0,,0.0,,0.0,,0.0,,0.0,,0.0,,0.0,,0.0,,0.0,,0.0,0.0,,0.0,0.0,,0.0,0.0,,0.0,0.0,,0.0,0.0,,0.0,0.0,,0.0,0.0,,0.0,0.0,,0.0,0.0,,0.0,0.0,,0.0,0.0,0.0,,0.0,0.0,0.0,,0.0,0.0,0.0,,0.0,0.0,0.0,,0.0,0.0,0.0,,0.0,0.0,0.0,,,,,,,,,,,,,,,,,,,,,,,,,,,,,,,,,,,,,,,,,,,,,,,,,,,,,,,,,,,,,,,,,,,,,,,,,,,,,,,,,,,,,,,,,,,,,,,,,,,,,,,,,,,,,,,,,,,,,,,,,,
lCXHOYMi,CROATIA,2025-2026,Hnl 2025 2026,CROATIA Hnl 2025 2026,25/01/2026,11:00,Round 19,Hajduk Split,Istra 1961,1,2,[83],"[10, 22]",bet365,2.3,2.2,5.0,bet365,1.7,3.4,4.5,bet365,1.4,2.75,bet365,2.75,1.4,bet365,8.0,1.08,bet365,1.06,9.5,bet365,1.3,3.4,bet365,2.0,1.8,bet365,3.5,1.29,bet365,7.0,1.1,bet365,1.83,1.83,bet365,1.17,1.29,2.0,,0.0,,0.0,,0.0,,0.0,,0.0,,0.0,,0.0,,0.0,,0.0,,0.0,,0.0,,0.0,,0.0,,0.0,,0.0,,0.0,0.0,,0.0,0.0,,0.0,0.0,,0.0,0.0,,0.0,0.0,,0.0,0.0,,0.0,0.0,,0.0,0.0,,0.0,0.0,,0.0,0.0,,0.0,0.0,0.0,,0.0,0.0,0.0,,0.0,0.0,0.0,,0.0,0.0,0.0,,0.0,0.0,0.0,,0.0,0.0,0.0,,,,,,,,,,,,,,,,,,,,,,,,,,,,,,,,,,,,,,,,,,,,,,,,,,,,,,,,,,,,,,,,,,,,,,,,,,,,,,,,,,,,,,,,,,,,,,,,,,,,,,,,,,,,,,,,,,,,,,,,,,
2Lba6i7N,CROATIA,2025-2026,Hnl 2025 2026,CROATIA Hnl 2025 2026,24/01/2026,13:15,Round 19,Rijeka,Slaven Belupo,2,2,"[66, 85]","[2, 82]",bet365,2.2,2.25,6.0,bet365,1.57,3.7,5.25,bet365,1.4,2.75,bet365,2.75,1.4,bet365,8.0,1.08,bet365,1.05,11.0,bet365,1.3,3.4,bet365,2.0,1.8,bet365,3.5,1.29,bet365,7.0,1.1,bet365,2.0,1.73,bet365,1.14,1.25,2.2,,0.0,,0.0,,0.0,,0.0,,0.0,,0.0,,0.0,,0.0,,0.0,,0.0,,0.0,,0.0,,0.0,,0.0,,0.0,,0.0,0.0,,0.0,0.0,,0.0,0.0,,0.0,0.0,,0.0,0.0,,0.0,0.0,,0.0,0.0,,0.0,0.0,,0.0,0.0,,0.0,0.0,,0.0,0.0,0.0,,0.0,0.0,0.0,,0.0,0.0,0.0,,0.0,0.0,0.0,,0.0,0.0,0.0,,0.0,0.0,0.0,,,,,,,,,,,,,,,,,,,,,,,,,,,,,,,,,,,,,,,,,,,,,,,,,,,,,,,,,,,,,,,,,,,,,,,,,,,,,,,,,,,,,,,,,,,,,,,,,,,,,,,,,,,,,,,,,,,,,,,,,,
ARLQMCi4,CROATIA,2025-2026,Hnl 2025 2026,CROATIA Hnl 2025 2026,24/01/2026,11:00,Round 19,Lok. Zagreb,Vukovar 1991,2,1,"[50, 76]",[4],bet365,2.3,2.3,4.75,bet365,1.73,3.5,4.33,bet365,1.36,3.0,bet365,2.63,1.44,bet365,7.0,1.1,bet365,1.05,11.0,bet365,1.25,3.75,bet365,1.83,1.98,bet365,3.0,1.36,bet365,6.0,1.13,bet365,1.73,2.0,bet365,1.18,1.25,1.91,,0.0,,0.0,,0.0,,0.0,,0.0,,0.0,,0.0,,0.0,,0.0,,0.0,,0.0,,0.0,,0.0,,0.0,,0.0,,0.0,0.0,,0.0,0.0,,0.0,0.0,,0.0,0.0,,0.0,0.0,,0.0,0.0,,0.0,0.0,,0.0,0.0,,0.0,0.0,,0.0,0.0,,0.0,0.0,0.0,,0.0,0.0,0.0,,0.0,0.0,0.0,,0.0,0.0,0.0,,0.0,0.0,0.0,,0.0,0.0,0.0,,,,,,,,,,,,,,,,,,,,,,,,,,,,,,,,,,,,,,,,,,,,,,,,,,,,,,,,,,,,,,,,,,,,,,,,,,,,,,,,,,,,,,,,,,,,,,,,,,,,,,,,,,,,,,,,,,,,,,,,,,
M5uW0VUp,CROATIA,2025-2026,Hnl 2025 2026,CROATIA Hnl 2025 2026,26/01/2026,12:00,Round 19,Gorica,Varazdin,1,2,[24],"[34, 66]",bet365,3.25,2.05,3.5,bet365,2.5,3.0,2.75,bet365,1.44,2.63,bet365,3.25,1.33,bet365,9.0,1.07,bet365,1.07,9.0,bet365,1.36,3.0,bet365,2.2,1.65,bet365,4.0,1.22,bet365,9.0,1.07,bet365,1.83,1.83,bet365,1.36,1.33,1.44,,0.0,,0.0,,0.0,,0.0,,0.0,,0.0,,0.0,,0.0,,0.0,,0.0,,0.0,,0.0,,0.0,,0.0,,0.0,,0.0,0.0,,0.0,0.0,,0.0,0.0,,0.0,0.0,,0.0,0.0,,0.0,0.0,,0.0,0.0,,0.0,0.0,,0.0,0.0,,0.0,0.0,,0.0,0.0,0.0,,0.0,0.0,0.0,,0.0,0.0,0.0,,0.0,0.0,0.0,,0.0,0.0,0.0,,0.0,0.0,0.0,,,,,,,,,,,,,,,,,,,,,,,,,,,,,,,,,,,,,,,,,,,,,,,,,,,,,,,,,,,,,,,,,,,,,,,,,,,,,,,,,,,,,,,,,,,,,,,,,,,,,,,,,,,,,,,,,,,,,,,,,,
drKYKjMG,CROATIA,2025-2026,Hnl 2025 2026,CROATIA Hnl 2025 2026,02/02/2026,14:00,Round 20,Din. Zagreb,Vukovar 1991,3,1,"[42, 68, 84]",[74],bet365,1.57,2.88,10.0,bet365,1.2,5.75,12.0,bet365,1.22,4.0,bet365,2.1,1.67,bet365,4.5,1.18,bet365,1.02,19.0,bet365,1.14,5.5,bet365,1.5,2.5,bet365,2.2,1.62,bet365,3.75,1.25,bet365,2.0,1.73,bet365,1.05,1.14,4.33,bet365,17.0,bet365,9.0,bet365,34.0,bet365,12.0,bet365,6.5,bet365,51.0,bet365,10.0,bet365,34.0,bet365,23.0,bet365,7.5,bet365,151.0,bet365,11.0,bet365,81.0,bet365,29.0,bet365,67.0,bet365,2.42,1.53,bet365,2.0,1.8,bet365,1.6,2.3,bet365,1.3,3.45,bet365,1.21,4.25,Superbet.br,1.04,9.3,,0.0,0.0,,0.0,0.0,,0.0,0.0,,0.0,0.0,Betano.br,4.6,5.1,1.52,bet365,2.5,4.0,2.25,Betano.br,1.65,4.3,4.3,BetEsporte,1.04,9.2,27.0,,0.0,0.0,0.0,,0.0,0.0,0.0,2.17,0.34,2.41,1.15,1.46,0.15,1.15,2.41,0.15,-0.59,0.63,0.37,0.86,0.71,0.46,0.32,0.76,0.45,0.0,0.0,0.43,0.08,27.0,6.0,10.0,2.0,11.0,2.0,6.0,2.0,17.0,3.0,10.0,3.0,4.0,0.0,3.0,0.0,42.0,7.0,8.0,1.0,11.0,9.0,24.0,27.0,9.0,11.0,1.0,1.0,,,3.0,0.0,1.0,6.0,0.55,0.64,64.0,35.0,20.0,18.0,14.0,10.0,0.0,2.0,0.0,0.0,1.25,0.14,1.3,0.3,0.92,0.05,0.64,0.36,14.0,2.0,6.0,1.0,4.0,0.0,3.0,0.0,5.0,1.0,1.0,1.0,4.0,5.0,2.0,0.0,1.0,5.0,0.92,0.2,1.11,0.85,0.54,0.1,0.61,0.39,13.0,4.0,4.0,1.0,7.0,2.0,1.0,0.0,3.0,0.0,,,,,5.0,6.0,1.0,0.0,0.0,1.0
Aop8ZkyA,CROATIA,2025-2026,Hnl 2025 2026,CROATIA Hnl 2025 2026,01/02/2026,11:00,Round 20,Osijek,Rijeka,1,0,[27],[],bet365,3.5,2.05,3.25,bet365,2.7,3.0,2.45,bet365,1.44,2.63,bet365,3.25,1.33,bet365,10.0,1.06,bet365,1.07,9.0,bet365,1.4,2.75,bet365,2.25,1.62,bet365,4.0,1.22,bet365,9.0,1.07,bet365,1.83,1.83,bet365,1.5,1.33,1.4,bet365,8.0,bet365,8.0,bet365,7.5,bet365,6.0,bet365,13.0,bet365,12.0,bet365,11.0,bet365,10.0,bet365,15.0,bet365,29.0,bet365,26.0,bet365,23.0,bet365,21.0,bet365,34.0,bet365,34.0,Betboom.br,13.18,1.01,Betboom.br,12.46,1.01,bet365,5.9,1.13,bet365,5.0,1.17,bet365,2.68,1.45,bet365,1.5,2.5,bet365,1.2,4.4,bet365,1.15,5.5,1xBet,1.01,11.0,Superbet.br,1.02,12.0,BetEsporte,30.0,11.0,1.01,Betano.br,17.5,8.25,1.12,Betano.br,6.9,4.4,1.44,bet365,1.5,4.33,5.5,Betano.br,1.14,7.8,16.5,Betano.br,1.03,14.0,32.0,1.08,0.77,1.22,0.23,0.81,0.68,0.23,1.22,0.23,0.22,0.32,0.68,0.7,0.86,0.44,0.51,0.58,0.75,1.0,0.0,0.17,0.11,9.0,15.0,3.0,2.0,2.0,8.0,4.0,5.0,4.0,8.0,5.0,7.0,2.0,0.0,0.0,0.0,21.0,22.0,3.0,7.0,16.0,15.0,22.0,22.0,15.0,16.0,4.0,1.0,,,3.0,1.0,2.0,2.0,0.86,0.83,48.0,43.0,39.0,20.0,16.0,4.0,1.0,2.0,0.0,0.0,0.81,0.46,0.87,0.18,0.35,0.36,0.35,0.65,4.0,7.0,1.0,1.0,2.0,3.0,1.0,0.0,2.0,3.0,1.0,1.0,6.0,9.0,1.0,1.0,1.0,0.0,0.27,0.31,0.35,0.05,0.46,0.32,0.29,0.71,5.0,8.0,2.0,1.0,0.0,5.0,1.0,0.0,1.0,4.0,3.0,0.0,,,9.0,7.0,2.0,0.0,1.0,2.0
4ls0yC6c,CROATIA,2025-2026,Hnl 2025 2026,CROATIA Hnl 2025 2026,31/01/2026,13:45,Round 20,Slaven Belupo,Varazdin,0,2,[],"[17, 36]",bet365,3.2,2.05,3.6,bet365,2.38,3.0,2.75,bet365,1.44,2.63,bet365,3.25,1.33,bet365,9.0,1.07,bet365,1.07,9.0,bet365,1.36,3.0,bet365,2.15,1.67,bet365,3.75,1.25,bet365,9.0,1.07,bet365,1.83,1.83,bet365,1.36,1.33,1.5,bet365,8.5,bet365,7.5,bet365,8.5,bet365,6.0,bet365,11.0,bet365,13.0,bet365,10.0,bet365,11.0,bet365,15.0,bet365,23.0,bet365,29.0,bet365,21.0,bet365,26.0,bet365,34.0,bet365,34.0,Superbet.br,12.0,1.02,1xBet,9.8,1.02,bet365,5.25,1.16,bet365,4.1,1.23,bet365,2.42,1.53,bet365,1.4,2.85,bet365,1.16,5.25,bet365,1.12,6.25,Betboom.br,1.01,12.62,SeguroBet,1.02,10.3,Betano.br,27.0,12.5,1.05,Betano.br,12.5,6.9,1.19,bet365,5.0,4.0,1.5,Betano.br,1.42,4.55,6.7,Betano.br,1.12,8.25,17.0,BetEsporte,1.01,11.0,30.0,2.02,1.56,1.12,2.25,2.13,0.56,2.25,1.12,0.25,0.12,0.7,0.3,0.86,0.7,0.54,0.38,0.75,0.5,0.0,1.0,0.27,0.27,25.0,8.0,5.0,5.0,12.0,1.0,8.0,2.0,20.0,7.0,5.0,1.0,2.0,3.0,3.0,2.0,42.0,13.0,11.0,5.0,12.0,17.0,26.0,12.0,17.0,12.0,1.0,4.0,0.0,1.0,2.0,0.0,3.0,5.0,0.86,0.79,49.0,62.0,14.0,43.0,7.0,7.0,0.0,0.0,0.0,0.0,0.33,1.42,0.91,2.14,0.86,0.39,0.62,0.38,6.0,5.0,2.0,4.0,3.0,1.0,1.0,3.0,3.0,1.0,0.0,3.0,7.0,6.0,2.0,0.0,2.0,2.0,1.69,0.14,0.21,0.11,1.27,0.17,0.79,0.21,19.0,3.0,3.0,1.0,9.0,0.0,1.0,0.0,8.0,4.0,1.0,1.0,,,10.0,6.0,0.0,0.0,1.0,3.0
ltaDD8Ej,CROATIA,2025-2026,Hnl 2025 2026,CROATIA Hnl 2025 2026,31/01/2026,11:00,Round 20,Gorica,Hajduk Split,1,0,[44],[],bet365,4.0,2.1,2.88,bet365,3.2,3.0,2.1,bet365,1.44,2.63,bet365,3.25,1.33,bet365,9.0,1.07,bet365,1.07,9.0,bet365,1.36,3.0,bet365,2.1,1.7,bet365,3.75,1.25,bet365,9.0,1.07,bet365,1.83,1.83,bet365,1.62,1.33,1.33,bet365,8.5,bet365,9.5,bet365,7.0,bet365,6.0,bet365,17.0,bet365,10.0,bet365,12.0,bet365,9.5,bet365,15.0,bet365,34.0,bet365,21.0,bet365,29.0,bet365,19.0,bet365,41.0,bet365,29.0,,0.0,0.0,,0.0,0.0,Superbet.br,7.0,1.07,bet365,6.25,1.12,bet365,3.3,1.33,bet365,1.65,2.2,bet365,1.3,3.45,bet365,1.21,4.25,1xBet,1.03,7.6,Superbet.br,1.04,8.9,BetEsporte,35.0,11.0,1.01,Betano.br,21.0,9.25,1.09,Betano.br,8.25,4.9,1.34,bet365,1.62,4.0,4.33,Betano.br,1.24,6.2,9.75,Betano.br,1.07,11.0,22.0,0.76,1.61,0.8,1.46,0.37,1.67,1.46,0.8,1.46,-0.2,0.26,0.74,0.69,0.86,0.37,0.51,0.47,0.69,1.0,0.0,0.2,0.24,6.0,21.0,2.0,6.0,3.0,7.0,1.0,8.0,4.0,13.0,2.0,8.0,2.0,2.0,0.0,0.0,10.0,47.0,1.0,9.0,7.0,18.0,21.0,31.0,18.0,7.0,2.0,1.0,,,0.0,1.0,5.0,1.0,0.57,0.75,51.0,56.0,70.0,10.0,11.0,7.0,0.0,0.0,0.0,1.0,0.66,0.14,0.8,0.0,0.26,0.3,0.29,0.71,5.0,3.0,2.0,0.0,2.0,1.0,2.0,0.0,0.0,4.0,,,7.0,3.0,0.0,0.0,0.0,1.0,0.1,1.47,0.0,1.46,0.11,1.37,0.23,0.77,1.0,18.0,0.0,6.0,1.0,6.0,0.0,2.0,1.0,5.0,2.0,1.0,,,11.0,4.0,0.0,1.0,5.0,0.0
hADsJUjT,CROATIA,2025-2026,Hnl 2025 2026,CROATIA Hnl 2025 2026,30/01/2026,14:00,Round 20,Istra 1961,Lok. Zagreb,1,1,[13],[35],bet365,2.88,2.1,4.0,bet365,2.1,3.25,3.2,bet365,1.44,2.63,bet365,3.0,1.36,bet365,9.0,1.07,bet365,1.07,9.0,bet365,1.33,3.25,bet365,2.08,1.73,bet365,3.75,1.25,bet365,8.0,1.08,bet365,1.83,1.83,bet365,1.33,1.3,1.62,bet365,9.0,bet365,7.0,bet365,9.5,bet365,6.5,bet365,10.0,bet365,17.0,bet365,9.5,bet365,12.0,bet365,15.0,bet365,19.0,bet365,34.0,bet365,19.0,bet365,29.0,bet365,29.0,bet365,41.0,Superbet.br,8.4,1.04,1xBet,8.43,1.08,bet365,4.15,1.22,bet365,3.3,1.33,bet365,2.1,1.7,bet365,1.33,3.3,bet365,1.12,6.25,bet365,1.1,7.0,,0.0,0.0,,0.0,0.0,Betano.br,23.0,11.5,1.07,Betano.br,10.25,6.4,1.22,bet365,4.33,4.0,1.62,Betano.br,1.33,5.0,8.5,Betano.br,1.09,9.5,22.0,BetEsporte,1.01,11.0,35.0,0.98,1.12,0.3,0.82,0.94,0.82,0.82,0.3,-0.18,-0.7,0.67,0.33,0.83,0.68,0.39,0.29,0.67,0.49,2.0,1.0,0.13,0.33,11.0,8.0,1.0,3.0,5.0,4.0,5.0,1.0,4.0,4.0,7.0,4.0,1.0,2.0,0.0,0.0,20.0,16.0,5.0,5.0,16.0,9.0,23.0,20.0,9.0,16.0,0.0,2.0,,,0.0,1.0,2.0,0.0,0.59,0.7,54.0,44.0,24.0,31.0,7.0,16.0,0.0,0.0,0.0,0.0,0.61,0.89,0.3,0.23,0.59,0.67,0.6,0.4,5.0,4.0,1.0,1.0,1.0,2.0,1.0,2.0,4.0,1.0,0.0,2.0,7.0,11.0,0.0,1.0,0.0,0.0,0.37,0.23,0.0,0.59,0.35,0.15,0.72,0.28,6.0,4.0,0.0,2.0,4.0,2.0,0.0,0.0,1.0,4.0,,,,,2.0,5.0,0.0,0.0,2.0,0.0
