Match_ID,Country,Season,League,Date,Time,Round,Home,Away,Home_Score,Away_Score,Min_Goals_Home,Min_Goals_Away,Bookie_1X2_HT,Odd_1_HT,Odd_X_HT,Odd_2_HT,Bookie_1X2_FT,Odd_1_FT,Odd_X_FT,Odd_2_FT,Bookie_OU_HT_0_5,Over_HT_0_5,Under_HT_0_5,Bookie_OU_HT_1_5,Over_HT_1_5,Under_HT_1_5,Bookie_OU_HT_2_5,Over_HT_2_5,Under_HT_2_5,Bookie_OU_FT_0_5,Over_FT_0_5,Under_FT_0_5,Bookie_OU_FT_1_5,Over_FT_1_5,Under_FT_1_5,Bookie_OU_FT_2_5,Over_FT_2_5,Under_FT_2_5,Bookie_OU_FT_3_5,Over_FT_3_5,Under_FT_3_5,Bookie_OU_FT_4_5,Over_FT_4_5,Under_FT_4_5,Bookie_BTTS,BTTS_Yes,BTTS_No,Bookie_DC,DC_1X,DC_12,DC_X2,xG_Home_FT,xG_Away_FT,Possession_Home_FT,Possession_Away_FT,Total_Shots_Home_FT,Total_Shots_Away_FT,Shots_On_Target_Home_FT,Shots_On_Target_Away_FT,Corners_Home_FT,Corners_Away_FT,Fouls_Home_FT,Fouls_Away_FT,Yellow_Cards_Home_FT,Yellow_Cards_Away_FT,Offsides_Home_FT,Offsides_Away_FT,Goalkeeper_Saves_Home_FT,Goalkeeper_Saves_Away_FT,Possession_Home_HT,Possession_Away_HT,Total_Shots_Home_HT,Total_Shots_Away_HT,Shots_On_Target_Home_HT,Shots_On_Target_Away_HT,Corners_Home_HT,Corners_Away_HT,Possession_Home_2T,Possession_Away_2T,Total_Shots_Home_2T,Total_Shots_Away_2T,Shots_On_Target_Home_2T,Shots_On_Target_Away_2T,Corners_Home_2T,Corners_Away_2T
4S9YrGyH,EGYPT,2025-2026,Premier League 2025 2026,06/12/2025,15:00,Round 10,Petrojet,Pyramids,2,2,"[41, 69]","[39, 49]",Betfair,8.0,2.3,1.83,Betfair,8.5,4.33,1.3,Betfair,1.36,2.88,Betfair,2.88,1.36,Betfair,7.5,1.06,Betfair,1.02,10.0,Betfair,1.29,3.3,Betfair,1.95,1.75,Betfair,3.6,1.25,Betfair,7.0,1.07,Betfair,2.3,1.53,Betfair,3.1,1.17,1.06,1.18,1.17,0.36,0.64,7.0,19.0,2.0,8.0,2.0,11.0,12.0,8.0,5.0,2.0,3.0,6.0,6.0,0.0,0.42,0.58,5.0,6.0,1.0,3.0,2.0,3.0,0.3,0.7,2.0,13.0,1.0,5.0,0.0,8.0
KItj7VIr,EGYPT,2025-2026,Premier League 2025 2026,03/12/2025,15:00,Round 8,Kahrabaa Ismailia,Pyramids,1,2,[56],"[65, 93]",Betfair,9.0,2.3,1.73,Betfair,10.5,4.6,1.25,Betfair,1.36,2.88,Betfair,2.88,1.36,Betfair,7.5,1.06,Betfair,1.02,10.0,Betfair,1.29,3.3,Betfair,1.95,1.75,Betfair,3.6,1.25,Betfair,7.5,1.06,Betfair,2.5,1.44,Betfair,3.5,1.17,1.04,0.46,1.81,0.34,0.66,6.0,20.0,2.0,6.0,3.0,6.0,13.0,14.0,7.0,6.0,2.0,0.0,4.0,1.0,0.36,0.64,3.0,8.0,0.0,2.0,1.0,1.0,0.3,0.7,3.0,12.0,2.0,4.0,2.0,5.0
MuGHIYu2,EGYPT,2025-2026,Premier League 2025 2026,25/11/2025,12:00,Round 14,Pyramids,Arab Contractors,2,0,"[9, 82]",[],Betfair,1.83,2.2,9.0,Betfair,1.3,4.33,10.0,Betfair,1.44,2.6,Betfair,3.3,1.29,Betfair,9.0,1.03,Betfair,1.05,8.0,Betfair,1.36,2.88,Betfair,2.25,1.57,Betfair,4.5,1.17,Betfair,9.0,1.03,Betfair,2.8,1.36,Betfair,1.05,1.2,3.3,1.97,0.64,0.71,0.29,14.0,7.0,4.0,0.0,5.0,6.0,10.0,9.0,3.0,4.0,4.0,2.0,0.0,1.0,0.7,0.3,9.0,4.0,3.0,0.0,4.0,3.0,0.71,0.29,5.0,3.0,1.0,0.0,1.0,3.0
Mseyw3RG,EGYPT,2025-2026,Premier League 2025 2026,23/11/2025,15:00,Round 14,Kahrabaa Ismailia,ZED,1,2,[66],"[42, 94]",Betfair,3.75,1.91,3.0,Betfair,3.0,2.88,2.38,Betfair,1.45,2.55,Betfair,3.6,1.25,Betfair,9.0,1.03,Betfair,1.06,7.5,Betfair,1.44,2.6,Betfair,2.4,1.5,Betfair,4.8,1.14,Betfair,10.0,1.02,Betfair,2.0,1.7,Betfair,1.53,1.36,1.36,1.1,1.95,0.5,0.5,10.0,13.0,3.0,5.0,6.0,1.0,9.0,8.0,2.0,0.0,1.0,5.0,3.0,2.0,0.48,0.52,3.0,7.0,1.0,2.0,2.0,1.0,0.52,0.48,7.0,6.0,2.0,3.0,4.0,0.0
StN8KfBk,EGYPT,2025-2026,Premier League 2025 2026,23/11/2025,15:00,Round 14,Petrojet,Haras El Hodood,3,1,"[16, 91, 93]",[60],Betfair,2.88,1.91,4.0,Betfair,2.1,3.0,3.3,Betfair,1.45,2.55,Betfair,3.3,1.29,Betfair,9.0,1.03,Betfair,1.05,7.5,Betfair,1.4,2.75,Betfair,2.4,1.5,Betfair,4.5,1.17,Betfair,9.0,1.03,Betfair,2.0,1.7,Betfair,1.29,1.33,1.67,0.97,1.23,0.52,0.48,14.0,12.0,5.0,4.0,5.0,6.0,10.0,12.0,0.0,2.0,4.0,4.0,3.0,2.0,0.45,0.55,4.0,5.0,2.0,2.0,0.0,4.0,0.59,0.41,10.0,7.0,3.0,2.0,5.0,2.0
0S6SvPd4,EGYPT,2025-2026,Premier League 2025 2026,23/11/2025,12:00,Round 14,Al Ittihad,El Gouna,0,2,[],"[52, 96]",Betfair,3.6,1.67,4.2,Betfair,2.55,2.45,3.3,Betfair,1.8,1.91,Betfair,5.5,1.11,Betfair,17.0,1.01,Betfair,1.17,4.5,Betfair,1.91,1.8,Betfair,4.0,1.2,Betfair,9.0,1.03,Betano.br,10.25,1.02,Betfair,2.8,1.36,Betfair,1.3,1.5,1.44,1.22,1.22,0.48,0.52,13.0,10.0,6.0,5.0,5.0,3.0,16.0,17.0,4.0,3.0,0.0,2.0,3.0,6.0,0.57,0.43,6.0,2.0,3.0,1.0,4.0,0.0,0.42,0.58,7.0,8.0,3.0,4.0,1.0,3.0
h23KtoSi,EGYPT,2025-2026,Premier League 2025 2026,22/11/2025,15:00,Round 14,El Gaish,Enppi,1,1,[82],[33],Betfair,3.2,1.83,3.75,Betfair,2.38,2.75,3.1,Betfair,1.57,2.25,Betfair,4.0,1.2,Betfair,11.0,1.01,Betfair,1.08,6.5,Betfair,1.5,2.4,Betfair,2.75,1.4,Betfair,5.5,1.11,Betfair,11.0,1.01,Betfair,2.2,1.57,Betfair,1.33,1.4,1.53,1.61,0.96,0.61,0.39,21.0,7.0,8.0,1.0,3.0,2.0,12.0,19.0,2.0,1.0,1.0,1.0,0.0,7.0,0.61,0.39,11.0,3.0,3.0,1.0,1.0,1.0,0.61,0.39,10.0,4.0,5.0,0.0,2.0,1.0
S8qtJszo,EGYPT,2025-2026,Premier League 2025 2026,22/11/2025,15:00,Round 14,Modern Sport,National Bank Egypt,0,0,[],[],Betfair,3.75,1.83,3.3,Betfair,2.9,2.7,2.55,Betfair,1.57,2.25,Betfair,4.0,1.2,Betfair,11.0,1.01,Betfair,1.08,6.5,Betfair,1.5,2.4,Betfair,2.75,1.4,Betfair,5.5,1.11,Betfair,11.0,1.01,Betfair,2.2,1.57,Betfair,1.44,1.4,1.36,0.45,0.15,0.49,0.51,6.0,6.0,0.0,0.0,5.0,7.0,12.0,11.0,3.0,1.0,3.0,3.0,0.0,0.0,0.55,0.45,2.0,0.0,0.0,0.0,3.0,2.0,0.43,0.57,4.0,6.0,0.0,0.0,2.0,5.0
WxbAO3CN,EGYPT,2025-2026,Premier League 2025 2026,22/11/2025,12:00,Round 14,Pharco,Ceramica Cleopatra,0,2,[],"[75, 82]",Betfair,6.5,2.0,2.1,Betfair,6.0,3.4,1.53,Betfair,1.5,2.4,Betfair,3.6,1.25,Betfair,10.0,1.02,Betfair,1.06,7.5,Betfair,1.44,2.6,Betfair,2.4,1.5,Betfair,4.8,1.14,Betfair,10.0,1.02,Betfair,2.5,1.44,Betfair,2.38,1.29,1.1,0.65,2.42,0.4,0.6,9.0,17.0,1.0,7.0,3.0,3.0,13.0,12.0,1.0,1.0,2.0,1.0,4.0,1.0,0.38,0.62,2.0,7.0,0.0,4.0,0.0,1.0,0.43,0.57,7.0,10.0,1.0,3.0,3.0,2.0
Sp1gSoDb,EGYPT,2025-2026,Premier League 2025 2026,04/11/2025,15:00,Round 13,Arab Contractors,Smouha,1,1,[47],[25],Betfair,4.0,1.73,3.5,Betfair,3.0,2.6,2.6,Betfair,1.65,2.1,Betfair,4.8,1.14,Betfair,13.0,1.01,Betfair,1.11,5.5,Betfair,1.73,2.0,Betfair,3.3,1.29,Betfair,7.5,1.06,Betfair,17.0,1.01,Betfair,2.5,1.44,Betfair,1.44,1.44,1.33,0.72,0.24,0.61,0.39,10.0,6.0,5.0,2.0,3.0,1.0,12.0,13.0,1.0,3.0,3.0,3.0,1.0,4.0,0.59,0.41,2.0,3.0,2.0,1.0,3.0,0.0,0.62,0.38,8.0,3.0,3.0,1.0,0.0,1.0
zB41QPsB,EGYPT,2025-2026,Premier League 2025 2026,04/11/2025,15:00,Round 13,ZED,National Bank Egypt,1,1,[48],[11],Betfair,3.75,1.91,3.1,Betfair,3.0,2.8,2.4,Betfair,1.57,2.25,Betfair,3.8,1.22,Betfair,10.0,1.02,Betfair,1.07,7.0,Betfair,1.5,2.4,Betfair,2.75,1.4,Betfair,5.5,1.11,Betfair,11.0,1.01,Betfair,2.15,1.6,Betfair,1.5,1.4,1.33,0.44,1.14,0.52,0.48,8.0,6.0,2.0,3.0,2.0,2.0,9.0,10.0,1.0,1.0,0.0,2.0,2.0,1.0,0.55,0.45,6.0,4.0,2.0,2.0,1.0,0.0,0.48,0.52,2.0,2.0,0.0,1.0,1.0,2.0
6VCpU7rn,EGYPT,2025-2026,Premier League 2025 2026,04/11/2025,12:00,Round 13,Wadi Degla,Haras El Hodood,1,1,[19],[42],Betfair,2.25,2.0,6.0,Betfair,1.57,3.3,6.0,Betfair,1.5,2.4,Betfair,3.6,1.25,Betfair,10.0,1.02,Betfair,1.06,7.5,Betfair,1.45,2.55,Betfair,2.55,1.45,Betfair,5.2,1.13,Betfair,11.0,1.01,Betfair,2.38,1.5,Betfair,1.11,1.3,2.3,1.47,0.43,0.6,0.4,16.0,6.0,7.0,2.0,7.0,1.0,10.0,7.0,,,2.0,3.0,1.0,6.0,0.54,0.46,6.0,1.0,2.0,1.0,3.0,0.0,0.67,0.33,10.0,5.0,5.0,1.0,4.0,1.0
lftKDnb5,EGYPT,2025-2026,Premier League 2025 2026,02/11/2025,15:00,Round 13,Al Ahly,Al Masry,0,0,[],[],Betfair,1.91,2.38,6.0,Betfair,1.36,4.2,6.5,Betfair,1.29,3.3,Betfair,2.6,1.44,Betfair,6.5,1.08,Betfair,1.01,11.0,Betfair,1.2,4.0,Betfair,1.75,1.95,Betfair,3.0,1.33,Betfair,5.5,1.11,Betfair,1.95,1.73,Betfair,1.08,1.2,2.8,2.67,0.02,0.65,0.35,22.0,1.0,6.0,0.0,7.0,0.0,9.0,11.0,2.0,3.0,2.0,3.0,0.0,6.0,0.63,0.37,10.0,0.0,3.0,0.0,5.0,0.0,0.66,0.34,12.0,1.0,3.0,0.0,2.0,0.0
hSnBF8Th,EGYPT,2025-2026,Premier League 2025 2026,02/11/2025,15:00,Round 13,Ceramica Cleopatra,Petrojet,2,1,"[92, 99]",[18],Betfair,2.1,2.1,5.5,Betfair,1.55,3.5,5.5,Betfair,1.36,2.88,Betfair,3.0,1.33,Betfair,8.0,1.05,Betfair,1.03,9.0,Betfair,1.29,3.3,Betfair,2.0,1.73,Betfair,3.8,1.22,Betfair,7.5,1.06,Betfair,2.0,1.7,Betfair,1.11,1.25,2.3,2.38,1.04,0.69,0.31,16.0,14.0,5.0,3.0,5.0,2.0,9.0,7.0,4.0,0.0,0.0,3.0,1.0,2.0,0.7,0.3,3.0,5.0,0.0,1.0,3.0,0.0,0.68,0.32,13.0,9.0,5.0,2.0,2.0,2.0
IZXzA4cU,EGYPT,2025-2026,Premier League 2025 2026,02/11/2025,12:00,Round 13,Pyramids,Al Ittihad,2,1,"[12, 80]",[86],Betfair,1.83,2.2,8.0,Betfair,1.3,4.2,10.0,Betfair,1.4,2.75,Betfair,3.0,1.33,Betfair,8.0,1.05,Betfair,1.03,9.0,Betfair,1.33,3.0,Betfair,2.1,1.65,Betfair,4.0,1.2,Betfair,8.0,1.05,Betfair,2.5,1.44,Betfair,1.05,1.2,3.2,1.55,0.82,0.58,0.42,11.0,3.0,7.0,1.0,7.0,1.0,16.0,11.0,2.0,2.0,1.0,3.0,0.0,5.0,0.58,0.42,8.0,0.0,5.0,0.0,5.0,1.0,0.58,0.42,3.0,3.0,2.0,1.0,2.0,0.0
M7vSBQSH,EGYPT,2025-2026,Premier League 2025 2026,02/11/2025,12:00,Round 13,Zamalek,El Gaish,3,1,"[5, 49, 61]",[80],Betfair,2.0,2.1,6.5,Betfair,1.44,3.75,6.5,Betfair,1.44,2.6,Betfair,3.3,1.29,Betfair,9.0,1.03,Betfair,1.05,8.0,Betfair,1.36,2.88,Betfair,2.25,1.57,Betfair,4.5,1.17,Betfair,9.0,1.03,Betfair,2.38,1.5,Betfair,1.08,1.22,2.6,1.2,1.16,0.61,0.39,11.0,12.0,5.0,5.0,1.0,3.0,11.0,7.0,0.0,1.0,0.0,2.0,4.0,2.0,0.61,0.39,2.0,3.0,2.0,1.0,0.0,1.0,0.62,0.38,9.0,9.0,3.0,4.0,1.0,2.0
2cOhcRDO,EGYPT,2025-2026,Premier League 2025 2026,01/11/2025,15:00,Round 13,El Gouna,Pharco,0,1,[],[13],Betfair,3.1,1.73,4.5,Betfair,2.2,2.6,3.8,Betfair,1.65,2.1,Betfair,4.8,1.14,Betfair,13.0,1.01,Betfair,1.11,5.5,Betfair,1.75,1.95,Betfair,3.3,1.29,Betfair,8.0,1.05,Betano.br,9.75,1.03,Betfair,2.7,1.4,Betfair,1.22,1.44,1.62,0.64,0.61,0.51,0.49,11.0,10.0,3.0,3.0,5.0,8.0,4.0,24.0,0.0,3.0,1.0,1.0,2.0,3.0,0.6,0.4,6.0,5.0,2.0,1.0,3.0,4.0,0.44,0.56,5.0,5.0,1.0,2.0,2.0,4.0
6Bl3HUbt,EGYPT,2025-2026,Premier League 2025 2026,01/11/2025,15:00,Round 13,El Ismaily,Kahrabaa Ismailia,2,1,"[42, 82]",[68],Betfair,3.75,1.83,3.3,Betfair,2.8,2.7,2.6,Betfair,1.57,2.25,Betfair,4.0,1.2,Betfair,11.0,1.01,Betfair,1.08,6.5,Betfair,1.57,2.25,Betfair,2.88,1.36,Betfair,6.5,1.08,Betfair,13.0,1.01,Betfair,2.2,1.57,Betfair,1.44,1.4,1.36,0.64,0.82,0.48,0.52,12.0,10.0,6.0,4.0,3.0,3.0,14.0,7.0,3.0,1.0,8.0,4.0,3.0,4.0,0.48,0.52,4.0,2.0,3.0,1.0,2.0,0.0,0.47,0.53,8.0,8.0,3.0,3.0,1.0,3.0
fXKpamqC,EGYPT,2025-2026,Premier League 2025 2026,01/11/2025,12:00,Round 13,Ghazl El Mahallah,Modern Sport,0,0,[],[],Betfair,4.2,1.83,3.1,Betfair,3.3,2.63,2.38,Betfair,1.6,2.2,Betfair,4.0,1.2,Betfair,11.0,1.01,Betfair,1.08,6.5,Betfair,1.6,2.2,Betfair,2.88,1.36,Betfair,6.5,1.08,Betfair,13.0,1.01,Betfair,2.3,1.53,Betfair,1.53,1.44,1.3,0.51,1.27,0.45,0.55,7.0,7.0,1.0,1.0,6.0,2.0,12.0,13.0,2.0,5.0,2.0,0.0,1.0,1.0,0.46,0.54,5.0,4.0,1.0,1.0,4.0,1.0,0.44,0.56,2.0,3.0,0.0,0.0,2.0,1.0
b5Ry19Ea,EGYPT,2025-2026,Premier League 2025 2026,30/10/2025,14:00,Round 12,National Bank Egypt,Zamalek,1,1,[30],[33],Betfair,4.5,1.91,2.7,Betfair,3.8,2.8,2.05,Betfair,1.5,2.4,Betfair,3.6,1.25,Betfair,10.0,1.02,Betfair,1.07,7.0,Betfair,1.45,2.55,Betfair,2.55,1.45,Betfair,5.2,1.13,Betfair,11.0,1.01,Betfair,2.15,1.6,Betfair,1.67,1.4,1.22,0.83,1.13,0.46,0.54,3.0,11.0,1.0,5.0,1.0,1.0,16.0,10.0,3.0,2.0,2.0,2.0,4.0,0.0,0.43,0.57,2.0,8.0,1.0,5.0,0.0,1.0,0.5,0.5,1.0,3.0,0.0,0.0,1.0,0.0
QiTT2Vqm,EGYPT,2025-2026,Premier League 2025 2026,29/10/2025,14:00,Round 12,Petrojet,Al Ahly,1,1,[11],[61],Betfair,8.0,2.4,1.73,Betfair,9.0,4.33,1.3,Betfair,1.33,3.0,Betfair,2.88,1.36,Betfair,7.5,1.06,Betfair,1.02,10.0,Betfair,1.25,3.6,Betfair,1.85,1.85,Betfair,3.3,1.29,Betfair,7.0,1.07,Betfair,2.3,1.53,Betfair,3.25,1.2,1.06,0.5,2.75,0.2,0.8,8.0,23.0,1.0,5.0,1.0,15.0,24.0,13.0,7.0,2.0,3.0,1.0,4.0,0.0,0.22,0.78,3.0,8.0,1.0,0.0,0.0,2.0,0.19,0.81,5.0,15.0,0.0,5.0,1.0,13.0
fJuCplUI,EGYPT,2025-2026,Premier League 2025 2026,27/10/2025,14:00,Round 12,Al Ittihad,Wadi Degla,1,2,[66],"[27, 83]",Betfair,4.5,1.73,3.0,Betfair,3.8,2.6,2.2,Betfair,1.73,2.0,Betfair,4.8,1.14,Betfair,13.0,1.01,Betfair,1.13,5.2,Betfair,1.75,1.95,Betfair,3.6,1.25,Betfair,8.0,1.05,Betano.br,9.75,1.03,Betfair,2.8,1.36,Betfair,1.62,1.44,1.22,0.29,1.01,0.46,0.54,5.0,9.0,2.0,3.0,3.0,3.0,13.0,22.0,2.0,6.0,3.0,1.0,2.0,1.0,0.39,0.61,1.0,7.0,1.0,1.0,0.0,3.0,0.54,0.46,4.0,2.0,1.0,2.0,3.0,0.0
Y3i3nAa6,EGYPT,2025-2026,Premier League 2025 2026,27/10/2025,11:00,Round 12,Smouha,El Gouna,0,1,[],[80],Betfair,2.7,1.83,5.0,Betfair,1.85,2.8,4.75,Betfair,1.6,2.2,Betfair,4.5,1.17,Betfair,13.0,1.01,Betfair,1.11,5.5,Betfair,1.65,2.1,Betfair,3.2,1.3,Betfair,7.0,1.07,Betfair,13.0,1.01,Betfair,2.5,1.44,Betfair,1.14,1.4,1.83,1.51,0.59,0.62,0.38,12.0,8.0,4.0,3.0,3.0,1.0,11.0,15.0,2.0,1.0,2.0,2.0,2.0,4.0,0.65,0.35,4.0,4.0,3.0,2.0,2.0,0.0,0.59,0.41,8.0,4.0,1.0,1.0,1.0,1.0
QwlelWUg,EGYPT,2025-2026,Premier League 2025 2026,26/10/2025,14:00,Round 12,El Gaish,ZED,2,2,"[8, 37]","[35, 94]",Betfair,4.5,1.8,3.1,Betfair,3.6,2.5,2.38,Betfair,1.65,2.1,Betfair,4.5,1.17,Betfair,13.0,1.01,Betfair,1.11,5.5,Betfair,1.65,2.1,Betfair,3.2,1.3,Betfair,7.0,1.07,Betfair,17.0,1.01,Betfair,2.5,1.44,Betfair,1.53,1.5,1.25,2.28,0.41,0.34,0.66,16.0,8.0,5.0,5.0,5.0,4.0,12.0,10.0,3.0,2.0,2.0,2.0,3.0,3.0,0.36,0.64,9.0,1.0,4.0,1.0,3.0,0.0,0.33,0.67,7.0,7.0,1.0,4.0,2.0,4.0
6yYgjh0s,EGYPT,2025-2026,Premier League 2025 2026,26/10/2025,14:00,Round 12,Pharco,El Ismaily,1,0,[45],[],Betfair,3.4,1.73,4.2,Betfair,2.4,2.6,3.3,Betfair,1.65,2.1,Betfair,4.8,1.14,Betfair,13.0,1.01,Betfair,1.11,5.5,Betfair,1.73,2.0,Betfair,3.3,1.29,Betfair,7.5,1.06,Betfair,17.0,1.01,Betfair,2.5,1.44,Betfair,1.3,1.44,1.5,0.66,1.18,0.52,0.48,9.0,13.0,4.0,1.0,2.0,5.0,17.0,9.0,1.0,5.0,3.0,1.0,1.0,3.0,0.59,0.41,4.0,4.0,2.0,0.0,0.0,0.0,0.43,0.57,5.0,9.0,2.0,1.0,2.0,5.0
zkBM80G8,EGYPT,2025-2026,Premier League 2025 2026,26/10/2025,11:00,Round 12,Kahrabaa Ismailia,Ceramica Cleopatra,0,1,[],[58],Betfair,5.0,2.1,2.2,Betfair,4.75,3.4,1.67,Betfair,1.36,2.88,Betfair,2.88,1.33,Betfair,8.0,1.05,Betfair,1.03,9.0,Betfair,1.29,3.3,Betfair,2.0,1.73,Betfair,3.8,1.22,Betfair,7.5,1.06,Betfair,1.95,1.73,Betfair,2.1,1.29,1.14,1.02,0.58,0.33,0.67,12.0,6.0,5.0,4.0,6.0,2.0,17.0,21.0,2.0,3.0,2.0,4.0,4.0,5.0,0.31,0.69,4.0,2.0,1.0,1.0,0.0,1.0,0.36,0.64,8.0,4.0,4.0,3.0,6.0,1.0
IDtx1lc2,EGYPT,2025-2026,Premier League 2025 2026,25/10/2025,14:00,Round 12,Modern Sport,Arab Contractors,1,2,[50],"[74, 87]",Betfair,3.0,1.83,4.2,Betfair,2.2,2.7,3.5,Betfair,1.57,2.25,Betfair,4.0,1.2,Betfair,11.0,1.01,Betfair,1.08,6.5,Betfair,1.57,2.25,Betfair,2.88,1.36,Betfair,5.5,1.11,Betfair,11.0,1.01,Betfair,2.2,1.57,Betfair,1.25,1.4,1.57,1.25,1.44,0.48,0.52,8.0,13.0,1.0,3.0,7.0,10.0,10.0,14.0,2.0,7.0,2.0,0.0,1.0,0.0,0.49,0.51,6.0,8.0,0.0,1.0,6.0,6.0,0.48,0.52,2.0,5.0,1.0,2.0,1.0,4.0
AmwU2ASk,EGYPT,2025-2026,Premier League 2025 2026,25/10/2025,11:00,Round 12,Haras El Hodood,Ghazl El Mahallah,0,0,[],[],Betfair,3.75,1.8,3.5,Betfair,2.8,2.63,2.63,Betfair,1.6,2.2,Betfair,4.5,1.17,Betfair,13.0,1.01,Betfair,1.11,5.5,Betfair,1.65,2.1,Betfair,3.2,1.3,Betfair,7.0,1.07,Betfair,17.0,1.01,Betfair,2.38,1.5,Betfair,1.4,1.44,1.36,0.74,0.89,0.59,0.41,15.0,10.0,4.0,0.0,10.0,3.0,16.0,12.0,4.0,3.0,1.0,2.0,0.0,4.0,0.55,0.45,8.0,5.0,3.0,0.0,4.0,3.0,0.64,0.36,7.0,5.0,1.0,0.0,6.0,0.0
QF1c8W4S,EGYPT,2025-2026,Premier League 2025 2026,22/10/2025,14:00,Round 11,Al Masry,Smouha,0,0,[],[],Betfair,2.88,1.91,4.0,Betfair,2.15,2.8,3.5,Betfair,1.45,2.55,Betfair,3.6,1.25,Betfair,9.0,1.03,Betfair,1.06,7.5,Betfair,1.44,2.6,Betfair,2.4,1.5,Betfair,4.8,1.14,Betfair,10.0,1.02,Betfair,2.0,1.7,Betfair,1.25,1.36,1.62,0.5,0.89,0.53,0.47,5.0,11.0,1.0,3.0,5.0,4.0,12.0,12.0,3.0,0.0,1.0,2.0,3.0,1.0,0.47,0.53,0.0,4.0,0.0,1.0,2.0,2.0,0.58,0.42,5.0,7.0,1.0,2.0,3.0,2.0
KIbkAhzG,EGYPT,2025-2026,Premier League 2025 2026,22/10/2025,11:00,Round 11,Al Ahly,Al Ittihad,2,1,"[15, 62]",[68],Betfair,1.73,2.3,9.0,Betfair,1.25,4.75,10.5,Betfair,1.36,2.88,Betfair,2.88,1.36,Betfair,7.5,1.06,Betfair,1.02,10.0,Betfair,1.29,3.3,Betfair,1.95,1.75,Betfair,3.6,1.25,Betfair,7.0,1.07,Betfair,2.5,1.44,Betfair,1.05,1.17,3.6,1.23,1.48,0.63,0.37,13.0,10.0,7.0,3.0,6.0,6.0,10.0,10.0,4.0,4.0,3.0,0.0,2.0,5.0,0.69,0.31,6.0,5.0,2.0,2.0,3.0,2.0,0.55,0.45,7.0,5.0,5.0,1.0,3.0,4.0
Oj5tCE53,EGYPT,2025-2026,Premier League 2025 2026,21/10/2025,11:00,Round 11,Pyramids,Pharco,2,0,"[23, 57]",[],Betfair,1.62,2.5,11.0,Betfair,1.17,5.5,14.0,Betfair,1.33,3.0,Betfair,2.88,1.36,Betfair,7.5,1.06,Betfair,1.02,10.0,Betfair,1.25,3.6,Betfair,1.91,1.8,Betfair,3.3,1.29,Betfair,7.0,1.07,Betfair,2.9,1.33,Betfair,1.03,1.13,4.5,2.02,0.15,0.64,0.36,19.0,2.0,6.0,1.0,10.0,3.0,7.0,8.0,1.0,0.0,4.0,0.0,1.0,4.0,0.71,0.29,5.0,0.0,3.0,0.0,4.0,0.0,0.58,0.42,14.0,2.0,3.0,1.0,6.0,3.0
WdIflBDd,EGYPT,2025-2026,Premier League 2025 2026,19/10/2025,14:00,Round 11,Ceramica Cleopatra,El Gaish,2,0,"[24, 58]",[],Betfair,2.4,2.0,5.0,Betfair,1.75,3.1,4.6,Betfair,1.5,2.4,Betfair,3.6,1.25,Betfair,10.0,1.02,Betfair,1.06,7.5,Betfair,1.44,2.6,Betfair,2.4,1.5,Betfair,4.8,1.14,Betfair,10.0,1.02,Betfair,2.2,1.57,Betfair,1.17,1.3,1.91,1.75,0.72,0.58,0.42,9.0,15.0,3.0,2.0,1.0,10.0,18.0,11.0,2.0,1.0,2.0,2.0,1.0,1.0,0.65,0.35,4.0,9.0,1.0,1.0,0.0,6.0,0.52,0.48,5.0,6.0,2.0,1.0,1.0,4.0
zVOojXrp,EGYPT,2025-2026,Premier League 2025 2026,19/10/2025,11:00,Round 11,ZED,Petrojet,2,1,"[44, 56]",[28],Betfair,2.63,1.91,4.5,Betfair,1.91,2.88,4.2,Betfair,1.5,2.4,Betfair,3.6,1.25,Betfair,10.0,1.02,Betfair,1.06,7.5,Betfair,1.44,2.6,Betfair,2.55,1.45,Betfair,5.2,1.13,Betfair,10.0,1.02,Betfair,2.15,1.6,Betfair,1.2,1.36,1.83,1.36,0.64,0.54,0.46,17.0,9.0,8.0,2.0,6.0,4.0,17.0,15.0,7.0,1.0,3.0,4.0,1.0,6.0,0.62,0.38,13.0,6.0,5.0,2.0,5.0,2.0,0.47,0.53,4.0,3.0,3.0,0.0,1.0,2.0
voOGegLM,EGYPT,2025-2026,Premier League 2025 2026,18/10/2025,14:00,Round 11,El Ismaily,Haras El Hodood,3,1,"[45, 73, 92]",[16],Betfair,3.2,1.73,4.33,Betfair,2.2,2.6,3.6,Betfair,1.65,2.1,Betfair,4.8,1.14,Betfair,13.0,1.01,Betfair,1.11,5.5,Betfair,1.65,2.1,Betfair,3.3,1.29,Betfair,7.5,1.06,Betfair,17.0,1.01,Betfair,2.5,1.44,Betfair,1.25,1.44,1.57,0.94,1.54,0.47,0.53,11.0,12.0,4.0,5.0,1.0,4.0,11.0,24.0,2.0,2.0,2.0,1.0,4.0,2.0,0.55,0.45,7.0,6.0,3.0,3.0,0.0,1.0,0.38,0.62,4.0,6.0,1.0,2.0,1.0,3.0
IVZ7cFjA,EGYPT,2025-2026,Premier League 2025 2026,18/10/2025,11:00,Round 11,El Gouna,National Bank Egypt,0,3,[],"[41, 61, 69]",Betfair,4.5,1.83,2.8,Betfair,4.0,2.8,2.0,Betfair,1.6,2.2,Betfair,4.0,1.2,Betfair,11.0,1.01,Betfair,1.08,6.5,Betfair,1.6,2.2,Betfair,2.88,1.36,Betfair,6.5,1.08,Betfair,13.0,1.01,Betfair,2.38,1.5,Betfair,1.73,1.4,1.22,0.55,1.43,0.47,0.53,9.0,10.0,3.0,3.0,6.0,2.0,7.0,10.0,0.0,3.0,1.0,2.0,0.0,3.0,0.36,0.64,2.0,2.0,1.0,1.0,3.0,2.0,0.56,0.44,7.0,8.0,2.0,2.0,3.0,0.0
fclDyYTj,EGYPT,2025-2026,Premier League 2025 2026,17/10/2025,14:00,Round 11,Arab Contractors,Enppi,1,1,[3],[27],Betfair,3.3,1.83,4.0,Betfair,2.38,2.63,3.3,Betfair,1.6,2.2,Betfair,4.0,1.2,Betfair,11.0,1.01,Betfair,1.08,6.5,Betfair,1.57,2.25,Betfair,2.88,1.36,Betfair,6.5,1.08,Betfair,13.0,1.01,Betfair,2.3,1.53,Betfair,1.3,1.44,1.53,0.9,0.39,0.41,0.59,9.0,6.0,3.0,3.0,7.0,3.0,11.0,8.0,3.0,1.0,0.0,1.0,2.0,2.0,0.36,0.64,2.0,5.0,1.0,2.0,2.0,1.0,0.46,0.54,7.0,1.0,2.0,1.0,5.0,2.0
A5WaayMc,EGYPT,2025-2026,Premier League 2025 2026,17/10/2025,14:00,Round 11,Ghazl El Mahallah,Kahrabaa Ismailia,1,0,[50],[],Betfair,2.88,1.91,4.2,Betfair,2.05,2.8,3.8,Betfair,1.5,2.4,Betfair,3.8,1.22,Betfair,10.0,1.01,Betfair,1.07,7.0,Betfair,1.5,2.4,Betfair,2.6,1.44,Betfair,5.5,1.11,Betfair,11.0,1.01,Betfair,2.15,1.6,Betfair,1.22,1.4,1.67,0.63,0.54,0.56,0.44,11.0,4.0,3.0,1.0,4.0,5.0,12.0,9.0,4.0,2.0,1.0,2.0,1.0,2.0,0.66,0.34,7.0,2.0,1.0,0.0,3.0,1.0,0.46,0.54,4.0,2.0,2.0,1.0,1.0,4.0
bR2ssf6T,EGYPT,2025-2026,Premier League 2025 2026,17/10/2025,11:00,Round 11,Wadi Degla,Modern Sport,1,2,[82],"[16, 72]",Betfair,3.75,1.83,3.2,Betfair,3.0,2.63,2.5,Betfair,1.57,2.25,Betfair,4.0,1.2,Betfair,11.0,1.01,Betfair,1.08,6.5,Betfair,1.57,2.25,Betfair,2.88,1.36,Betfair,6.5,1.08,Betfair,13.0,1.01,Betfair,2.2,1.57,Betfair,1.44,1.44,1.33,1.27,0.42,0.59,0.41,11.0,6.0,2.0,3.0,5.0,4.0,13.0,16.0,0.0,2.0,2.0,1.0,1.0,1.0,0.56,0.44,5.0,4.0,1.0,2.0,2.0,2.0,0.62,0.38,6.0,2.0,1.0,1.0,3.0,2.0
d26Qpx74,EGYPT,2025-2026,Premier League 2025 2026,05/10/2025,14:00,Round 10,Pharco,Wadi Degla,0,0,[],[],Betfair,4.5,1.83,2.88,Betfair,3.8,2.8,2.05,Betfair,1.6,2.2,Betfair,4.0,1.2,Betfair,11.0,1.01,Betfair,1.08,6.5,Betfair,1.6,2.2,Betfair,3.0,1.33,Betfair,6.5,1.08,Betfair,13.0,1.01,Betfair,2.38,1.5,Betfair,1.67,1.4,1.22,0.82,0.73,0.37,0.63,13.0,13.0,2.0,5.0,3.0,6.0,12.0,10.0,2.0,0.0,2.0,2.0,5.0,2.0,0.32,0.68,5.0,5.0,2.0,2.0,1.0,2.0,0.42,0.58,8.0,8.0,0.0,3.0,2.0,4.0
8tQVOfpo,EGYPT,2025-2026,Premier League 2025 2026,05/10/2025,11:00,Round 10,Enppi,ZED,1,0,[11],[],Betfair,3.6,1.83,3.5,Betfair,2.75,2.63,2.7,Betfair,1.6,2.2,Betfair,4.0,1.2,Betfair,11.0,1.01,Betfair,1.08,6.5,Betfair,1.6,2.2,Betfair,3.0,1.33,Betfair,6.5,1.08,Betfair,13.0,1.01,Betfair,2.3,1.53,Betfair,1.4,1.4,1.4,0.85,2.13,0.37,0.63,14.0,19.0,6.0,5.0,2.0,6.0,17.0,5.0,4.0,0.0,1.0,0.0,4.0,6.0,0.46,0.54,11.0,9.0,5.0,2.0,1.0,2.0,0.27,0.73,3.0,10.0,1.0,3.0,1.0,4.0
QLM6UGMN,EGYPT,2025-2026,Premier League 2025 2026,04/10/2025,14:00,Round 10,Haras El Hodood,Ceramica Cleopatra,0,3,[],"[34, 48, 50]",Betfair,5.5,2.0,2.3,Betfair,5.0,3.25,1.67,Betfair,1.45,2.55,Betfair,3.3,1.29,Betfair,9.0,1.03,Betfair,1.05,8.0,Betfair,1.4,2.75,Betfair,2.25,1.57,Betfair,4.5,1.17,Betfair,9.0,1.03,Betfair,2.15,1.6,Betfair,2.1,1.3,1.14,0.37,0.91,0.36,0.64,8.0,10.0,3.0,6.0,2.0,6.0,8.0,10.0,2.0,0.0,5.0,3.0,3.0,3.0,0.33,0.67,4.0,6.0,1.0,4.0,1.0,6.0,0.39,0.61,4.0,4.0,2.0,2.0,1.0,0.0
zmIHnbxh,EGYPT,2025-2026,Premier League 2025 2026,04/10/2025,14:00,Round 10,Kahrabaa Ismailia,Al Ahly,2,4,"[57, 68]","[17, 36, 50, 73]",Betfair,9.0,2.63,1.62,Betfair,11.0,5.5,1.18,Betfair,1.25,3.6,Betfair,2.4,1.5,Betfair,6.5,1.08,Betfair,1.01,13.0,Betfair,1.17,4.5,Betfair,1.65,2.1,Betfair,2.75,1.4,Betfair,5.2,1.13,Betfair,2.2,1.57,Betfair,4.2,1.13,1.04,0.67,0.83,0.44,0.56,9.0,9.0,5.0,7.0,6.0,5.0,10.0,7.0,2.0,2.0,4.0,4.0,3.0,3.0,0.36,0.64,2.0,3.0,1.0,2.0,0.0,3.0,0.51,0.49,7.0,6.0,4.0,5.0,6.0,2.0
h8ObWxhB,EGYPT,2025-2026,Premier League 2025 2026,04/10/2025,11:00,Round 10,El Gaish,El Gouna,0,1,[],[56],Betfair,4.0,1.73,3.4,Betfair,3.0,2.55,2.63,Betfair,1.73,2.0,Betfair,4.8,1.14,Betfair,13.0,1.01,Betfair,1.13,5.2,Betfair,1.75,1.95,Betfair,3.3,1.29,Betfair,8.0,1.05,Betano.br,9.75,1.03,Betfair,2.5,1.44,Betfair,1.44,1.44,1.33,0.96,0.59,0.54,0.46,12.0,8.0,1.0,4.0,7.0,4.0,19.0,12.0,3.0,1.0,0.0,1.0,3.0,1.0,0.51,0.49,5.0,4.0,1.0,1.0,3.0,3.0,0.56,0.44,7.0,4.0,0.0,3.0,4.0,1.0
dtVkYbNb,EGYPT,2025-2026,Premier League 2025 2026,04/10/2025,11:00,Round 10,Zamalek,Ghazl El Mahallah,1,1,[39],[65],Betfair,2.1,2.0,6.5,Betfair,1.47,3.5,6.5,Betfair,1.45,2.55,Betfair,3.6,1.25,Betfair,9.0,1.03,Betfair,1.06,7.5,Betfair,1.44,2.6,Betfair,2.4,1.5,Betfair,4.8,1.14,Betfair,10.0,1.02,Betfair,2.5,1.44,Betfair,1.08,1.25,2.4,1.66,0.91,0.66,0.34,24.0,3.0,4.0,3.0,10.0,1.0,6.0,14.0,0.0,2.0,2.0,1.0,2.0,3.0,0.63,0.37,8.0,0.0,3.0,0.0,2.0,0.0,0.69,0.31,16.0,3.0,1.0,3.0,8.0,1.0
lGRszLhn,EGYPT,2025-2026,Premier League 2025 2026,03/10/2025,14:00,Round 10,Al Ittihad,Arab Contractors,2,1,"[39, 78]",[61],Betfair,3.75,1.8,3.5,Betfair,2.8,2.45,2.9,Betfair,1.6,2.2,Betfair,4.5,1.17,Betfair,13.0,1.01,Betfair,1.11,5.5,Betfair,1.65,2.1,Betfair,3.2,1.3,Betfair,7.0,1.07,Betfair,17.0,1.01,Betfair,2.38,1.5,Betfair,1.36,1.5,1.4,0.69,0.66,0.49,0.51,9.0,5.0,6.0,2.0,3.0,5.0,14.0,20.0,3.0,2.0,1.0,1.0,1.0,3.0,0.53,0.47,4.0,1.0,3.0,1.0,1.0,5.0,0.45,0.55,5.0,4.0,3.0,1.0,2.0,0.0
AoQVS3oJ,EGYPT,2025-2026,Premier League 2025 2026,03/10/2025,14:00,Round 10,National Bank Egypt,Al Masry,0,1,[],[46],Betfair,3.0,2.0,3.6,Betfair,2.3,2.9,3.0,Betfair,1.45,2.55,Betfair,3.3,1.29,Betfair,9.0,1.03,Betfair,1.05,7.5,Betfair,1.4,2.75,Betfair,2.25,1.57,Betfair,4.8,1.14,Betfair,9.0,1.03,Betfair,1.95,1.73,Betfair,1.33,1.36,1.57,1.38,0.8,0.61,0.39,14.0,9.0,5.0,5.0,4.0,2.0,8.0,7.0,2.0,5.0,2.0,0.0,4.0,5.0,0.49,0.51,5.0,6.0,2.0,2.0,1.0,1.0,0.72,0.28,9.0,3.0,3.0,3.0,3.0,1.0
Iw8OUPG6,EGYPT,2025-2026,Premier League 2025 2026,03/10/2025,11:00,Round 10,Smouha,El Ismaily,2,0,"[49, 56]",[],Betfair,2.4,1.91,5.0,Betfair,1.75,3.1,4.75,Betfair,1.5,2.4,Betfair,3.8,1.22,Betfair,10.0,1.02,Betfair,1.07,7.0,Betfair,1.5,2.4,Betfair,2.6,1.44,Betfair,5.5,1.11,Betfair,11.0,1.01,Betfair,2.3,1.53,Betfair,1.14,1.33,2.0,1.48,0.76,0.52,0.48,14.0,8.0,3.0,0.0,3.0,5.0,15.0,11.0,0.0,1.0,1.0,2.0,0.0,1.0,0.59,0.41,7.0,2.0,0.0,0.0,2.0,2.0,0.47,0.53,7.0,6.0,3.0,0.0,1.0,3.0
MBEFWonf,EGYPT,2025-2026,Premier League 2025 2026,29/09/2025,14:00,Round 9,Al Ahly,Zamalek,2,1,"[71, 78]",[32],Betfair,2.88,1.91,4.33,Betfair,2.05,2.88,3.75,Betfair,1.57,2.25,Betfair,4.0,1.2,Betfair,11.0,1.01,Betfair,1.07,7.0,Betfair,1.5,2.4,Betfair,2.75,1.4,Betfair,5.5,1.11,Betfair,11.0,1.01,Betfair,2.2,1.57,Betfair,1.25,1.36,1.67,1.87,1.01,0.63,0.37,18.0,6.0,4.0,2.0,5.0,0.0,16.0,6.0,2.0,3.0,3.0,3.0,1.0,2.0,0.65,0.35,11.0,3.0,1.0,2.0,5.0,0.0,0.6,0.4,7.0,3.0,3.0,0.0,0.0,0.0
lbG7Y7Hs,EGYPT,2025-2026,Premier League 2025 2026,29/09/2025,11:00,Round 9,El Gouna,Ceramica Cleopatra,1,1,[54],[76],Betfair,4.5,1.83,2.88,Betfair,3.7,2.8,2.1,Betfair,1.57,2.25,Betfair,4.0,1.2,Betfair,11.0,1.01,Betfair,1.08,6.5,Betfair,1.57,2.25,Betfair,2.88,1.36,Betfair,5.5,1.11,Betfair,11.0,1.01,Betfair,2.3,1.53,Betfair,1.67,1.4,1.25,1.38,2.01,0.29,0.71,13.0,10.0,2.0,3.0,4.0,5.0,11.0,12.0,3.0,1.0,0.0,1.0,2.0,1.0,0.27,0.73,6.0,1.0,1.0,0.0,2.0,1.0,0.31,0.69,7.0,9.0,1.0,3.0,2.0,4.0
UDZzvUgK,EGYPT,2025-2026,Premier League 2025 2026,29/09/2025,11:00,Round 9,El Ismaily,National Bank Egypt,1,2,[76],"[20, 27]",Betfair,6.0,1.83,2.4,Betfair,5.0,3.0,1.7,Betfair,1.57,2.25,Betfair,4.0,1.2,Betfair,11.0,1.01,Betfair,1.08,6.5,Betfair,1.6,2.2,Betfair,2.88,1.36,Betfair,6.5,1.08,Betfair,13.0,1.01,Betfair,2.7,1.4,Betfair,2.0,1.33,1.13,1.63,1.37,0.35,0.65,8.0,13.0,1.0,7.0,4.0,4.0,10.0,15.0,1.0,4.0,2.0,0.0,5.0,0.0,0.35,0.65,2.0,8.0,0.0,5.0,2.0,2.0,0.35,0.65,6.0,5.0,1.0,2.0,2.0,2.0
OGnkGQ1D,EGYPT,2025-2026,Premier League 2025 2026,28/09/2025,14:00,Round 9,Ghazl El Mahallah,Enppi,0,0,[],[],Betfair,4.2,1.83,3.1,Betfair,3.25,2.7,2.3,Betfair,1.57,2.25,Betfair,4.0,1.2,Betfair,11.0,1.01,Betfair,1.08,6.5,Betfair,1.57,2.25,Betfair,2.88,1.36,Betfair,6.5,1.08,Betfair,13.0,1.01,Betfair,2.3,1.53,Betfair,1.53,1.4,1.3,0.8,0.17,0.46,0.54,14.0,4.0,2.0,0.0,3.0,5.0,12.0,15.0,2.0,0.0,1.0,0.0,1.0,2.0,0.39,0.61,3.0,3.0,0.0,0.0,2.0,0.0,0.52,0.48,11.0,1.0,2.0,0.0,1.0,5.0
21btInX0,EGYPT,2025-2026,Premier League 2025 2026,28/09/2025,14:00,Round 9,Wadi Degla,Smouha,1,1,[50],[58],Betfair,3.2,1.73,4.5,Betfair,2.2,2.6,3.6,Betfair,1.73,2.0,Betfair,4.8,1.14,Betfair,13.0,1.01,Betfair,1.13,5.2,Betfair,1.75,1.95,Betfair,3.6,1.25,Betfair,8.0,1.05,Betano.br,9.5,1.03,Betfair,2.7,1.4,Betfair,1.25,1.44,1.57,1.12,1.12,0.53,0.47,9.0,7.0,3.0,1.0,3.0,2.0,18.0,6.0,3.0,4.0,2.0,1.0,0.0,2.0,0.58,0.42,3.0,2.0,1.0,0.0,0.0,1.0,0.47,0.53,6.0,5.0,2.0,1.0,3.0,1.0
fyeYJ82l,EGYPT,2025-2026,Premier League 2025 2026,28/09/2025,11:00,Round 9,Modern Sport,Pharco,1,1,[98],[55],Betfair,2.6,1.91,5.0,Betfair,1.8,3.0,4.6,Betfair,1.57,2.25,Betfair,4.0,1.2,Betfair,11.0,1.01,Betfair,1.08,6.5,Betfair,1.57,2.25,Betfair,2.75,1.4,Betfair,5.5,1.11,Betfair,11.0,1.01,Betfair,2.38,1.5,Betfair,1.17,1.33,1.91,1.19,0.84,0.64,0.36,17.0,5.0,6.0,2.0,11.0,4.0,14.0,13.0,3.0,4.0,2.0,3.0,1.0,6.0,0.61,0.39,7.0,1.0,2.0,0.0,2.0,1.0,0.68,0.32,10.0,4.0,4.0,2.0,9.0,3.0
2wGgRjAE,EGYPT,2025-2026,Premier League 2025 2026,27/09/2025,14:00,Round 9,Al Masry,Petrojet,2,3,"[62, 66]","[28, 75, 88]",Betfair,2.3,2.1,4.5,Betfair,1.7,3.3,4.6,Betfair,1.36,2.88,Betfair,3.0,1.33,Betfair,8.0,1.05,Betfair,1.03,9.0,Betfair,1.3,3.2,Betfair,2.1,1.65,Betfair,4.0,1.2,Betfair,8.0,1.05,Betfair,1.95,1.73,Betfair,1.17,1.3,2.0,2.53,1.43,0.64,0.36,15.0,7.0,6.0,3.0,10.0,3.0,8.0,12.0,4.0,2.0,2.0,3.0,1.0,4.0,0.58,0.42,2.0,2.0,1.0,1.0,5.0,0.0,0.72,0.28,13.0,5.0,5.0,2.0,5.0,3.0
ziE1PUvR,EGYPT,2025-2026,Premier League 2025 2026,27/09/2025,14:00,Round 9,Pyramids,El Gaish,4,0,"[42, 46, 66, 70]",[],,0.0,0.0,0.0,,0.0,0.0,0.0,,0.0,0.0,,0.0,0.0,,0.0,0.0,,0.0,0.0,,0.0,0.0,,0.0,0.0,,0.0,0.0,Estrelabet,5.5,1.11,Betfair,3.1,1.3,,0.0,0.0,0.0,1.45,0.19,0.62,0.38,16.0,4.0,5.0,1.0,3.0,3.0,11.0,6.0,1.0,1.0,1.0,1.0,1.0,1.0,0.64,0.36,9.0,1.0,3.0,0.0,3.0,0.0,0.6,0.4,7.0,3.0,2.0,1.0,0.0,3.0
tYUb59me,EGYPT,2025-2026,Premier League 2025 2026,27/09/2025,11:00,Round 9,Arab Contractors,Kahrabaa Ismailia,0,1,[],[47],Betfair,2.5,1.91,5.0,Betfair,1.8,3.1,4.4,Betfair,1.5,2.4,Betfair,3.6,1.25,Betfair,10.0,1.02,Betfair,1.06,7.5,Betfair,1.45,2.55,Betfair,2.4,1.5,Betfair,5.2,1.13,Betfair,10.0,1.02,Betfair,2.15,1.6,Betfair,1.17,1.33,1.91,1.55,1.42,0.53,0.47,14.0,16.0,3.0,5.0,6.0,10.0,12.0,12.0,1.0,3.0,3.0,2.0,4.0,3.0,0.49,0.51,3.0,10.0,0.0,2.0,2.0,8.0,0.56,0.44,11.0,6.0,3.0,3.0,4.0,2.0
lbY63mI7,EGYPT,2025-2026,Premier League 2025 2026,27/09/2025,11:00,Round 9,ZED,Haras El Hodood,0,1,[],[39],Betfair,2.6,1.91,5.0,Betfair,1.85,2.9,4.6,Betfair,1.57,2.25,Betfair,4.0,1.2,Betfair,11.0,1.01,Betfair,1.08,6.5,Betfair,1.57,2.25,Betfair,2.88,1.36,Betfair,6.5,1.08,Betfair,13.0,1.01,Betfair,2.38,1.5,Betfair,1.17,1.36,1.83,1.19,0.4,0.62,0.38,17.0,7.0,9.0,4.0,5.0,3.0,3.0,17.0,1.0,4.0,3.0,4.0,3.0,9.0,0.52,0.48,7.0,4.0,3.0,4.0,3.0,2.0,0.72,0.28,10.0,3.0,6.0,0.0,2.0,1.0
rNKJEDQ8,EGYPT,2025-2026,Premier League 2025 2026,24/09/2025,14:00,Round 8,Ceramica Cleopatra,Modern Sport,2,0,"[66, 71]",[],Betfair,3.1,1.91,3.5,Betfair,2.38,2.9,2.9,Betfair,1.45,2.55,Betfair,3.3,1.29,Betfair,9.0,1.03,Betfair,1.05,8.0,Betfair,1.4,2.75,Betfair,2.25,1.57,Betfair,4.5,1.17,Betfair,9.0,1.03,Betfair,1.95,1.73,Betfair,1.36,1.36,1.53,1.76,0.83,0.57,0.43,18.0,8.0,5.0,0.0,4.0,2.0,15.0,10.0,2.0,2.0,2.0,4.0,0.0,3.0,0.64,0.36,8.0,3.0,1.0,0.0,2.0,0.0,0.5,0.5,10.0,5.0,4.0,0.0,2.0,2.0
lzjKCieL,EGYPT,2025-2026,Premier League 2025 2026,24/09/2025,14:00,Round 8,National Bank Egypt,Wadi Degla,1,1,[62],[83],Betfair,3.1,1.83,4.0,Betfair,2.2,2.8,3.3,Betfair,1.57,2.25,Betfair,4.0,1.2,Betfair,11.0,1.01,Betfair,1.08,6.5,Betfair,1.57,2.25,Betfair,2.88,1.36,Betfair,6.5,1.08,Betfair,11.0,1.01,Betfair,2.2,1.57,Betfair,1.3,1.4,1.57,1.83,0.99,0.57,0.43,12.0,8.0,3.0,3.0,3.0,9.0,12.0,14.0,4.0,4.0,2.0,2.0,2.0,2.0,0.59,0.41,4.0,6.0,1.0,1.0,2.0,4.0,0.54,0.46,8.0,2.0,2.0,2.0,1.0,5.0
jTXXjAY1,EGYPT,2025-2026,Premier League 2025 2026,24/09/2025,11:00,Round 8,Enppi,El Ismaily,1,0,[80],[],Betfair,2.5,1.83,5.5,Betfair,1.8,2.9,4.75,Betfair,1.57,2.25,Betfair,4.0,1.2,Betfair,11.0,1.01,Betfair,1.08,6.5,Betfair,1.57,2.25,Betfair,2.88,1.36,Betfair,6.5,1.08,Betfair,13.0,1.01,Betfair,2.5,1.44,Betfair,1.14,1.36,1.91,2.32,0.3,0.62,0.38,12.0,7.0,5.0,1.0,5.0,5.0,8.0,12.0,0.0,2.0,2.0,2.0,1.0,3.0,0.62,0.38,0.0,5.0,0.0,1.0,1.0,4.0,0.63,0.37,12.0,2.0,5.0,0.0,4.0,1.0
f1vPhW3k,EGYPT,2025-2026,Premier League 2025 2026,23/09/2025,14:00,Round 8,El Gaish,Arab Contractors,0,0,[],[],Betfair,5.0,1.8,2.75,Betfair,4.4,2.7,1.95,Betfair,1.65,2.1,Betfair,4.8,1.14,Betfair,13.0,1.01,Betfair,1.11,5.5,Betfair,1.73,2.0,Betfair,3.3,1.29,Betfair,7.5,1.06,Betfair,17.0,1.01,Betfair,2.7,1.4,Betfair,1.73,1.4,1.17,0.7,0.5,0.62,0.38,9.0,11.0,1.0,2.0,8.0,5.0,9.0,18.0,2.0,5.0,3.0,1.0,2.0,1.0,0.6,0.4,5.0,5.0,1.0,0.0,5.0,3.0,0.65,0.35,4.0,6.0,0.0,2.0,3.0,2.0
OImgbhtS,EGYPT,2025-2026,Premier League 2025 2026,23/09/2025,14:00,Round 8,Zamalek,El Gouna,1,1,[27],[86],Betfair,2.0,2.0,7.0,Betfair,1.44,3.5,8.0,Betfair,1.5,2.4,Betfair,3.6,1.25,Betfair,10.0,1.02,Betfair,1.06,7.5,Betfair,1.45,2.55,Betfair,2.4,1.5,Betfair,5.2,1.13,Betfair,10.0,1.02,Betfair,2.5,1.44,Betfair,1.07,1.25,2.63,0.81,0.33,0.66,0.34,18.0,9.0,8.0,2.0,9.0,1.0,11.0,10.0,1.0,1.0,1.0,1.0,1.0,7.0,0.67,0.33,12.0,2.0,4.0,1.0,7.0,0.0,0.64,0.36,6.0,7.0,4.0,1.0,2.0,1.0
23ap0EBF,EGYPT,2025-2026,Premier League 2025 2026,23/09/2025,11:00,Round 8,Haras El Hodood,Al Ahly,2,3,"[8, 53]","[3, 48, 79]",Betfair,13.0,2.7,1.5,Betfair,18.0,6.0,1.12,Betfair,1.29,3.3,Betfair,2.55,1.45,Betfair,6.5,1.08,Betfair,1.01,11.0,Betfair,1.2,4.0,Betfair,1.75,1.95,Betfair,2.88,1.36,Betfair,5.5,1.11,Betfair,3.2,1.29,Betfair,5.0,1.1,1.02,0.38,4.15,0.32,0.68,4.0,22.0,2.0,8.0,4.0,11.0,12.0,5.0,3.0,0.0,5.0,3.0,5.0,1.0,0.32,0.68,2.0,10.0,1.0,5.0,1.0,5.0,0.32,0.68,2.0,12.0,1.0,3.0,3.0,6.0
tbEkvXld,EGYPT,2025-2026,Premier League 2025 2026,22/09/2025,14:00,Round 8,Petrojet,Ghazl El Mahallah,0,0,[],[],Betfair,3.0,1.91,3.75,Betfair,2.2,2.8,3.25,Betfair,1.5,2.4,Betfair,3.6,1.25,Betfair,10.0,1.02,Betfair,1.06,7.5,Betfair,1.44,2.6,Betfair,2.55,1.45,Betfair,5.2,1.13,Betfair,10.0,1.02,Betfair,2.05,1.67,Betfair,1.3,1.36,1.57,0.24,0.52,0.38,0.62,8.0,8.0,0.0,1.0,1.0,5.0,15.0,18.0,4.0,2.0,0.0,3.0,1.0,0.0,0.53,0.47,5.0,3.0,0.0,0.0,1.0,4.0,0.25,0.75,3.0,5.0,0.0,1.0,0.0,1.0
d6dx2zs3,EGYPT,2025-2026,Premier League 2025 2026,22/09/2025,14:00,Round 8,ZED,Al Ittihad,1,0,[13],[],Betfair,3.3,1.8,4.0,Betfair,2.38,2.63,3.25,Betfair,1.6,2.2,Betfair,4.5,1.17,Betfair,13.0,1.01,Betfair,1.11,5.5,Betfair,1.65,2.1,Betfair,3.2,1.3,Betfair,7.0,1.07,Betfair,13.0,1.01,Betfair,2.38,1.5,Betfair,1.3,1.4,1.53,1.33,0.63,0.46,0.54,12.0,8.0,6.0,3.0,7.0,7.0,19.0,11.0,6.0,0.0,1.0,3.0,3.0,4.0,0.46,0.54,5.0,5.0,4.0,2.0,4.0,1.0,0.46,0.54,7.0,3.0,2.0,1.0,3.0,6.0
8pGstgKq,EGYPT,2025-2026,Premier League 2025 2026,22/09/2025,11:00,Round 8,Pharco,Al Masry,0,0,[],[],Betfair,5.5,2.1,2.2,Betfair,5.0,3.4,1.62,Betfair,1.4,2.75,Betfair,3.2,1.3,Betfair,8.0,1.05,Betfair,1.05,8.0,Betfair,1.36,2.88,Betfair,2.2,1.6,Betfair,4.0,1.2,Betfair,8.0,1.05,Betfair,2.05,1.67,Betfair,2.2,1.29,1.14,0.17,0.68,0.34,0.66,7.0,13.0,3.0,4.0,5.0,8.0,11.0,13.0,3.0,2.0,2.0,0.0,4.0,3.0,0.39,0.61,3.0,7.0,0.0,2.0,1.0,4.0,0.28,0.72,4.0,6.0,3.0,2.0,4.0,4.0
Eqb9b1zB,EGYPT,2025-2026,Premier League 2025 2026,19/09/2025,14:00,Round 7,Al Ahly,Ceramica Cleopatra,1,0,[27],[],Betfair,2.0,2.2,6.0,Betfair,1.44,3.8,6.0,Betfair,1.36,2.88,Betfair,2.88,1.36,Betfair,8.0,1.05,Betfair,1.03,9.0,Betfair,1.29,3.3,Betfair,2.0,1.73,Betfair,3.6,1.25,Betfair,7.5,1.06,Betfair,2.05,1.67,Betfair,1.1,1.22,2.5,1.39,0.31,0.49,0.51,18.0,5.0,8.0,1.0,4.0,4.0,15.0,12.0,3.0,0.0,4.0,1.0,1.0,7.0,0.52,0.48,11.0,1.0,5.0,1.0,2.0,1.0,0.46,0.54,7.0,4.0,3.0,0.0,2.0,3.0
SSa10N5b,EGYPT,2025-2026,Premier League 2025 2026,19/09/2025,14:00,Round 7,Smouha,Haras El Hodood,1,0,[29],[],Betfair,2.25,1.91,6.5,Betfair,1.57,3.0,7.0,Betfair,1.57,2.25,Betfair,4.0,1.2,Betfair,11.0,1.01,Betfair,1.07,7.0,Betfair,1.57,2.25,Betfair,2.75,1.4,Betfair,5.5,1.11,Betfair,11.0,1.01,Betfair,2.5,1.44,Betfair,1.08,1.33,2.3,0.37,1.53,0.46,0.54,10.0,11.0,4.0,3.0,5.0,6.0,21.0,11.0,4.0,1.0,3.0,1.0,3.0,3.0,0.54,0.46,5.0,3.0,2.0,2.0,2.0,2.0,0.35,0.65,5.0,8.0,2.0,1.0,3.0,4.0
6DBh2qyn,EGYPT,2025-2026,Premier League 2025 2026,19/09/2025,11:00,Round 7,Wadi Degla,El Gaish,1,0,[86],[],Betfair,2.63,1.73,6.0,Betfair,1.75,2.7,5.5,Betfair,1.73,2.1,Betfair,4.8,1.14,Betfair,13.0,1.01,Betfair,1.11,5.5,Betfair,1.75,1.95,Betfair,3.6,1.25,Betfair,8.0,1.05,Betfair,17.0,1.01,Betfair,2.9,1.33,Betfair,1.13,1.4,1.91,0.54,0.41,0.54,0.46,6.0,11.0,2.0,1.0,3.0,11.0,14.0,9.0,1.0,1.0,2.0,1.0,1.0,1.0,0.63,0.37,2.0,4.0,0.0,0.0,2.0,3.0,0.46,0.54,4.0,7.0,2.0,1.0,1.0,8.0
KMxzp2LH,EGYPT,2025-2026,Premier League 2025 2026,18/09/2025,14:00,Round 7,Al Ittihad,Kahrabaa Ismailia,0,1,[],[71],Betfair,2.88,1.91,4.2,Betfair,2.05,2.9,3.6,Betfair,1.5,2.4,Betfair,3.8,1.22,Betfair,10.0,1.02,Betfair,1.06,7.5,Betfair,1.45,2.55,Betfair,2.55,1.45,Betfair,5.2,1.13,Betfair,11.0,1.01,Betfair,2.05,1.67,Betfair,1.25,1.36,1.67,1.03,0.46,0.61,0.39,11.0,8.0,4.0,5.0,5.0,4.0,16.0,15.0,6.0,3.0,5.0,1.0,4.0,4.0,0.63,0.37,4.0,3.0,1.0,1.0,1.0,2.0,0.6,0.4,7.0,5.0,3.0,4.0,4.0,2.0
GlWrrtjU,EGYPT,2025-2026,Premier League 2025 2026,18/09/2025,14:00,Round 7,Pyramids,ZED,1,0,[73],[],Betfair,2.0,2.2,6.5,Betfair,1.44,3.6,7.0,Betfair,1.36,2.88,Betfair,2.88,1.36,Betfair,8.0,1.05,Betfair,1.03,9.0,Betfair,1.29,3.3,Betfair,2.0,1.73,Betfair,3.6,1.25,Betfair,7.5,1.06,Betfair,2.15,1.6,Betfair,1.08,1.25,2.63,1.02,0.28,0.7,0.3,13.0,4.0,8.0,1.0,3.0,3.0,10.0,9.0,4.0,2.0,3.0,1.0,1.0,7.0,0.73,0.27,6.0,2.0,3.0,1.0,2.0,3.0,0.68,0.32,7.0,2.0,5.0,0.0,1.0,0.0
6aWJmpMh,EGYPT,2025-2026,Premier League 2025 2026,18/09/2025,11:00,Round 7,El Ismaily,Zamalek,0,2,[],"[7, 56]",Betfair,10.0,2.3,1.73,Betfair,11.0,4.2,1.25,Betfair,1.4,2.75,Betfair,3.2,1.3,Betfair,8.0,1.05,Betfair,1.05,8.0,Betfair,1.36,2.88,Betfair,2.2,1.6,Betfair,4.0,1.2,Betfair,8.0,1.05,Betfair,2.9,1.33,Betfair,3.4,1.17,1.04,0.44,1.72,0.37,0.63,7.0,13.0,2.0,4.0,1.0,3.0,14.0,14.0,6.0,4.0,2.0,3.0,2.0,1.0,0.38,0.62,3.0,6.0,0.0,1.0,0.0,0.0,0.35,0.65,4.0,7.0,2.0,3.0,1.0,3.0
n9vSoOj5,EGYPT,2025-2026,Premier League 2025 2026,18/09/2025,11:00,Round 7,Modern Sport,Enppi,2,2,"[53, 95]","[39, 79]",Betfair,2.88,1.8,5.0,Betfair,1.95,2.7,4.4,Betfair,1.6,2.2,Betfair,4.5,1.17,Betfair,13.0,1.01,Betfair,1.11,5.5,Betfair,1.65,2.1,Betfair,3.2,1.3,Betfair,7.0,1.07,Betfair,17.0,1.01,Betfair,2.5,1.44,Betfair,1.17,1.4,1.73,1.71,1.01,0.57,0.43,17.0,6.0,5.0,2.0,5.0,3.0,13.0,20.0,2.0,4.0,2.0,1.0,0.0,3.0,0.54,0.46,5.0,2.0,2.0,1.0,2.0,1.0,0.61,0.39,12.0,4.0,3.0,1.0,3.0,2.0
bZSBk6it,EGYPT,2025-2026,Premier League 2025 2026,17/09/2025,14:00,Round 7,Al Masry,Ghazl El Mahallah,2,1,"[4, 51]",[51],Betfair,2.2,2.1,5.5,Betfair,1.57,3.5,5.5,Betfair,1.4,2.75,Betfair,3.2,1.3,Betfair,8.0,1.05,Betfair,1.05,8.0,Betfair,1.33,3.0,Betfair,2.2,1.6,Betfair,4.0,1.2,Betfair,8.0,1.05,Betfair,2.05,1.67,Betfair,1.13,1.25,2.3,2.17,1.0,0.57,0.43,17.0,5.0,4.0,1.0,4.0,4.0,15.0,14.0,5.0,3.0,2.0,3.0,0.0,2.0,0.65,0.35,7.0,2.0,3.0,1.0,3.0,2.0,0.5,0.5,10.0,3.0,1.0,0.0,1.0,2.0
hhG3ofuP,EGYPT,2025-2026,Premier League 2025 2026,17/09/2025,14:00,Round 7,El Gouna,Petrojet,1,1,[51],[74],Betfair,3.2,1.83,3.75,Betfair,2.38,2.75,3.1,Betfair,1.57,2.25,Betfair,4.0,1.2,Betfair,11.0,1.01,Betfair,1.07,7.0,Betfair,1.5,2.4,Betfair,2.75,1.4,Betfair,5.5,1.11,Betfair,11.0,1.01,Betfair,2.15,1.6,Betfair,1.33,1.4,1.53,1.8,0.7,0.5,0.5,13.0,10.0,4.0,0.0,4.0,3.0,14.0,12.0,3.0,1.0,3.0,1.0,0.0,3.0,0.49,0.51,7.0,5.0,0.0,0.0,1.0,2.0,0.5,0.5,6.0,5.0,4.0,0.0,3.0,1.0
pSCemGAC,EGYPT,2025-2026,Premier League 2025 2026,17/09/2025,11:00,Round 7,Arab Contractors,Pharco,1,1,[48],[79],Betfair,2.63,1.91,4.5,Betfair,1.9,3.0,4.2,Betfair,1.57,2.25,Betfair,4.0,1.2,Betfair,11.0,1.01,Betfair,1.07,7.0,Betfair,1.57,2.25,Betfair,2.75,1.4,Betfair,5.5,1.11,Betfair,11.0,1.01,Betfair,2.3,1.53,Betfair,1.2,1.36,1.83,0.47,0.56,0.54,0.46,9.0,8.0,1.0,3.0,7.0,4.0,16.0,15.0,3.0,3.0,2.0,3.0,2.0,0.0,0.62,0.38,6.0,1.0,1.0,1.0,4.0,2.0,0.47,0.53,3.0,7.0,0.0,2.0,3.0,2.0
QPdfkxt0,EGYPT,2025-2026,Premier League 2025 2026,14/09/2025,14:00,Round 6,Enppi,Al Ahly,1,1,[65],[34],Betfair,7.5,2.1,1.91,Betfair,7.5,3.8,1.4,Betfair,1.44,2.6,Betfair,3.3,1.29,Betfair,9.0,1.03,Betfair,1.05,8.0,Betfair,1.4,2.75,Betfair,2.25,1.57,Betfair,4.8,1.14,Betfair,9.0,1.03,Betfair,2.5,1.44,Betfair,2.7,1.22,1.07,1.31,1.32,0.34,0.66,7.0,20.0,3.0,4.0,5.0,9.0,13.0,9.0,1.0,2.0,1.0,0.0,3.0,2.0,0.32,0.68,1.0,10.0,0.0,3.0,0.0,3.0,0.37,0.63,6.0,10.0,3.0,1.0,5.0,6.0
hCbnibBm,EGYPT,2025-2026,Premier League 2025 2026,14/09/2025,14:00,Round 6,Kahrabaa Ismailia,Wadi Degla,1,4,[25],"[62, 71, 74, 88]",Betfair,4.5,1.83,2.8,Betfair,3.6,2.8,2.1,Betfair,1.57,2.25,Betfair,3.8,1.22,Betfair,11.0,1.01,Betfair,1.07,7.0,Betfair,1.5,2.4,Betfair,2.75,1.4,Betfair,5.5,1.11,Betfair,11.0,1.01,Betfair,2.2,1.57,Betfair,1.67,1.36,1.25,0.97,1.42,0.41,0.59,5.0,13.0,2.0,8.0,0.0,3.0,10.0,12.0,3.0,2.0,2.0,4.0,4.0,1.0,0.38,0.62,2.0,5.0,2.0,1.0,0.0,2.0,0.44,0.56,3.0,8.0,0.0,7.0,0.0,1.0
YRHFdKmQ,EGYPT,2025-2026,Premier League 2025 2026,14/09/2025,11:00,Round 6,El Gaish,Modern Sport,1,0,[32],[],Betfair,4.5,1.73,3.1,Betfair,3.5,2.63,2.3,Betfair,1.65,2.1,Betfair,4.8,1.14,Betfair,13.0,1.01,Betfair,1.11,5.5,Betfair,1.73,2.0,Betfair,3.3,1.29,Betfair,7.5,1.06,Betfair,17.0,1.01,Betfair,2.5,1.44,Betfair,1.57,1.44,1.25,1.36,2.44,0.38,0.62,15.0,19.0,3.0,3.0,3.0,8.0,7.0,5.0,1.0,2.0,2.0,1.0,3.0,2.0,0.44,0.56,9.0,2.0,2.0,0.0,2.0,8.0,0.33,0.67,6.0,17.0,1.0,3.0,1.0,0.0
p6yLzwR6,EGYPT,2025-2026,Premier League 2025 2026,13/09/2025,14:00,Round 6,Ceramica Cleopatra,Smouha,1,0,[75],[],Betfair,3.6,1.83,3.6,Betfair,2.63,2.63,2.8,Betfair,1.57,2.25,Betfair,4.0,1.2,Betfair,11.0,1.01,Betfair,1.08,6.5,Betfair,1.57,2.25,Betfair,2.88,1.33,Betfair,6.5,1.08,Betfair,13.0,1.01,Betfair,2.3,1.53,Betfair,1.4,1.4,1.4,0.81,0.74,0.72,0.28,8.0,11.0,4.0,4.0,8.0,3.0,12.0,17.0,2.0,5.0,1.0,3.0,4.0,3.0,0.74,0.26,4.0,4.0,2.0,1.0,4.0,2.0,0.7,0.3,4.0,7.0,2.0,3.0,4.0,1.0
6LPTYGeJ,EGYPT,2025-2026,Premier League 2025 2026,13/09/2025,14:00,Round 6,Zamalek,Al Masry,3,0,"[29, 64, 90]",[],Betfair,3.0,1.91,4.0,Betfair,2.2,2.88,3.3,Betfair,1.5,2.4,Betfair,3.8,1.22,Betfair,10.0,1.02,Betfair,1.07,7.0,Betfair,1.45,2.55,Betfair,2.55,1.45,Betfair,5.5,1.11,Betfair,11.0,1.01,Betfair,2.05,1.67,Betfair,1.3,1.36,1.62,1.4,0.57,0.58,0.42,13.0,7.0,6.0,2.0,5.0,1.0,16.0,15.0,3.0,6.0,3.0,0.0,2.0,3.0,0.62,0.38,5.0,4.0,2.0,1.0,3.0,0.0,0.55,0.45,8.0,3.0,4.0,1.0,2.0,1.0
rsu4vLRs,EGYPT,2025-2026,Premier League 2025 2026,13/09/2025,11:00,Round 6,Ghazl El Mahallah,Arab Contractors,1,1,[61],[97],Betfair,3.2,1.83,4.0,Betfair,2.3,2.75,3.25,Betfair,1.57,2.25,Betfair,4.0,1.2,Betfair,11.0,1.01,Betfair,1.08,6.5,Betfair,1.57,2.25,Betfair,2.88,1.36,Betfair,6.5,1.08,Betfair,13.0,1.01,Betfair,2.2,1.57,Betfair,1.3,1.4,1.57,1.47,2.31,0.42,0.58,11.0,21.0,4.0,6.0,4.0,6.0,14.0,9.0,2.0,3.0,1.0,1.0,5.0,3.0,0.48,0.52,6.0,8.0,2.0,2.0,2.0,4.0,0.36,0.64,5.0,13.0,2.0,4.0,2.0,2.0
v9YCxadf,EGYPT,2025-2026,Premier League 2025 2026,13/09/2025,11:00,Round 6,Haras El Hodood,El Gouna,2,1,"[4, 47]",[36],Betfair,4.5,1.8,2.88,Betfair,3.8,2.7,2.1,Betfair,1.65,2.1,Betfair,4.5,1.17,Betfair,13.0,1.01,Betfair,1.11,5.5,Betfair,1.65,2.1,Betfair,3.2,1.3,Betfair,7.0,1.07,Betfair,17.0,1.01,Betfair,2.5,1.44,Betfair,1.67,1.4,1.22,0.94,1.03,0.49,0.51,9.0,16.0,3.0,4.0,5.0,9.0,16.0,15.0,3.0,3.0,0.0,2.0,3.0,1.0,0.51,0.49,6.0,9.0,1.0,3.0,4.0,5.0,0.48,0.52,3.0,7.0,2.0,1.0,1.0,4.0
nBgYqs4K,EGYPT,2025-2026,Premier League 2025 2026,12/09/2025,14:00,Round 6,Pharco,Al Ittihad,0,0,[],[],Betfair,5.0,1.62,3.3,Betfair,3.75,2.45,2.3,Betfair,1.85,1.85,Betfair,5.5,1.11,Betano.br,9.75,1.03,Betfair,1.17,4.5,Betfair,2.0,1.73,Betfair,4.0,1.2,Betfair,9.0,1.03,Betano.br,10.75,1.02,Betfair,3.1,1.3,Betfair,1.53,1.5,1.22,1.34,1.0,0.43,0.57,12.0,13.0,4.0,1.0,7.0,3.0,17.0,6.0,2.0,2.0,1.0,1.0,1.0,4.0,0.44,0.56,3.0,7.0,0.0,1.0,2.0,0.0,0.42,0.58,9.0,6.0,4.0,0.0,5.0,3.0
W2BoMwCD,EGYPT,2025-2026,Premier League 2025 2026,12/09/2025,14:00,Round 6,ZED,El Ismaily,1,0,[52],[],Betfair,2.7,1.91,4.5,Betfair,1.95,2.75,4.4,Betfair,1.5,2.4,Betfair,3.8,1.22,Betfair,10.0,1.02,Betfair,1.07,7.0,Betfair,1.45,2.55,Betfair,2.55,1.45,Betfair,5.2,1.13,Betfair,11.0,1.01,Betfair,2.15,1.6,Betfair,1.17,1.4,1.8,0.78,0.5,0.49,0.51,10.0,7.0,5.0,2.0,2.0,7.0,13.0,16.0,3.0,4.0,0.0,0.0,2.0,4.0,0.51,0.49,5.0,2.0,2.0,2.0,1.0,4.0,0.47,0.53,5.0,5.0,3.0,0.0,1.0,3.0
bybvOas1,EGYPT,2025-2026,Premier League 2025 2026,12/09/2025,11:00,Round 6,Petrojet,National Bank Egypt,0,3,[],"[56, 79, 84]",Betfair,3.75,2.0,2.88,Betfair,3.1,2.88,2.3,Betfair,1.44,2.6,Betfair,3.3,1.29,Betfair,9.0,1.03,Betfair,1.05,8.0,Betfair,1.36,2.88,Betfair,2.25,1.57,Betfair,4.5,1.17,Betfair,9.0,1.03,Betfair,1.95,1.73,Betfair,1.57,1.36,1.33,0.3,1.38,0.34,0.66,6.0,9.0,1.0,4.0,7.0,5.0,12.0,13.0,1.0,1.0,4.0,2.0,1.0,1.0,0.27,0.73,3.0,4.0,0.0,1.0,4.0,1.0,0.42,0.58,3.0,5.0,1.0,3.0,3.0,4.0
WMsbrUSF,EGYPT,2025-2026,Premier League 2025 2026,31/08/2025,15:00,Round 5,Smouha,Petrojet,0,0,[],[],Betfair,2.8,1.91,4.5,Betfair,2.0,2.8,3.9,Betfair,1.57,2.25,Betfair,3.8,1.22,Betfair,11.0,1.01,Betfair,1.07,7.0,Betfair,1.5,2.4,Betfair,2.75,1.4,Betfair,5.5,1.11,Betfair,11.0,1.01,Betfair,2.2,1.57,Betfair,1.22,1.4,1.73,1.16,0.14,0.62,0.38,16.0,6.0,4.0,1.0,5.0,2.0,14.0,11.0,3.0,0.0,0.0,1.0,1.0,4.0,0.55,0.45,9.0,3.0,2.0,1.0,3.0,2.0,0.68,0.32,7.0,3.0,2.0,0.0,2.0,0.0
xM9VPLCl,EGYPT,2025-2026,Premier League 2025 2026,31/08/2025,15:00,Round 5,Wadi Degla,Zamalek,2,1,"[60, 66]",[10],Betfair,6.0,1.83,2.4,Betfair,5.0,2.88,1.75,Betfair,1.6,2.2,Betfair,4.0,1.2,Betfair,11.0,1.01,Betfair,1.11,5.5,Betfair,1.6,2.2,Betfair,3.0,1.33,Betfair,7.0,1.07,Betfair,13.0,1.01,Betfair,2.7,1.4,Betfair,2.0,1.36,1.13,1.13,0.94,0.56,0.44,12.0,11.0,6.0,2.0,9.0,8.0,23.0,9.0,6.0,1.0,4.0,1.0,1.0,4.0,0.62,0.38,4.0,6.0,1.0,2.0,5.0,3.0,0.5,0.5,8.0,5.0,5.0,0.0,4.0,5.0
zelkpjb3,EGYPT,2025-2026,Premier League 2025 2026,31/08/2025,12:00,Round 5,Al Masry,Kahrabaa Ismailia,4,0,"[68, 74, 79, 89]",[],Betfair,2.0,2.3,5.5,Betfair,1.47,3.9,5.5,Betfair,1.33,3.0,Betfair,2.75,1.4,Betfair,7.0,1.07,Betfair,1.01,11.0,Betfair,1.25,3.6,Betfair,1.85,1.85,Betfair,3.2,1.3,Betfair,6.5,1.08,Betfair,1.87,1.8,Betfair,1.13,1.22,2.5,2.4,0.65,0.68,0.32,17.0,5.0,4.0,1.0,7.0,0.0,5.0,12.0,1.0,3.0,0.0,0.0,1.0,0.0,0.63,0.37,5.0,4.0,0.0,1.0,6.0,0.0,0.74,0.26,12.0,1.0,4.0,0.0,1.0,0.0
r113Mn6d,EGYPT,2025-2026,Premier League 2025 2026,31/08/2025,12:00,Round 5,Modern Sport,Haras El Hodood,1,0,[21],[],Betfair,2.38,1.91,6.0,Betfair,1.62,3.1,6.0,Betfair,1.57,2.25,Betfair,4.0,1.2,Betfair,11.0,1.01,Betfair,1.08,6.5,Betfair,1.57,2.25,Betfair,2.88,1.36,Betfair,6.5,1.11,Betfair,11.0,1.01,Betfair,2.5,1.44,Betfair,1.11,1.33,2.2,1.44,0.21,0.49,0.51,10.0,6.0,3.0,2.0,4.0,2.0,10.0,11.0,2.0,4.0,0.0,2.0,2.0,2.0,0.53,0.47,4.0,1.0,1.0,1.0,3.0,0.0,0.45,0.55,6.0,5.0,2.0,1.0,1.0,2.0
l28fO8yp,EGYPT,2025-2026,Premier League 2025 2026,30/08/2025,15:00,Round 5,Al Ahly,Pyramids,0,2,[],"[5, 68]",Betfair,2.8,2.0,3.75,Betfair,2.1,3.0,3.3,Betfair,1.4,2.75,Betfair,3.2,1.3,Betfair,8.0,1.05,Betfair,1.05,8.0,Betfair,1.36,2.88,Betfair,2.2,1.6,Betfair,4.0,1.2,Betfair,8.0,1.05,Betfair,1.87,1.8,Betfair,1.3,1.33,1.67,1.37,0.85,0.62,0.38,10.0,12.0,3.0,5.0,9.0,3.0,12.0,11.0,1.0,1.0,3.0,4.0,3.0,3.0,0.61,0.39,8.0,9.0,2.0,3.0,5.0,1.0,0.63,0.37,2.0,3.0,1.0,2.0,4.0,2.0
IJHOTUDM,EGYPT,2025-2026,Premier League 2025 2026,30/08/2025,15:00,Round 5,El Ismaily,Ghazl El Mahallah,0,3,[],"[38, 63, 88]",Betfair,4.33,1.73,3.2,Betfair,3.3,2.63,2.3,Betfair,1.65,2.1,Betfair,4.8,1.14,Betfair,13.0,1.01,Betfair,1.11,5.5,Betfair,1.73,2.0,Betfair,3.3,1.29,Betfair,7.5,1.06,Betfair,17.0,1.01,Betfair,2.5,1.44,Betfair,1.53,1.44,1.29,0.47,1.34,0.47,0.53,8.0,14.0,3.0,6.0,3.0,7.0,7.0,10.0,1.0,2.0,2.0,1.0,3.0,3.0,0.43,0.57,2.0,3.0,0.0,1.0,0.0,3.0,0.51,0.49,6.0,11.0,3.0,5.0,3.0,4.0
d4TFVjqA,EGYPT,2025-2026,Premier League 2025 2026,30/08/2025,12:00,Round 5,El Gouna,ZED,1,1,[95],[83],Betfair,4.33,1.73,3.2,Betfair,3.3,2.63,2.3,Betfair,1.65,2.1,Betfair,4.8,1.14,Betfair,13.0,1.01,Betfair,1.11,5.5,Betfair,1.73,2.0,Betfair,3.3,1.29,Betfair,7.5,1.06,Betfair,17.0,1.01,Betfair,2.5,1.44,Betfair,1.53,1.44,1.29,0.5,0.62,0.37,0.63,10.0,4.0,2.0,1.0,0.0,4.0,13.0,15.0,0.0,5.0,0.0,2.0,0.0,1.0,0.37,0.63,4.0,1.0,0.0,0.0,0.0,0.0,0.38,0.62,6.0,3.0,2.0,1.0,0.0,4.0
AeLS99Mj,EGYPT,2025-2026,Premier League 2025 2026,29/08/2025,15:00,Round 5,Al Ittihad,Enppi,0,3,[],"[33, 73, 84]",Betfair,3.5,1.73,3.75,Betfair,2.45,2.63,3.1,Betfair,1.65,2.1,Betfair,4.8,1.14,Betfair,13.0,1.01,Betfair,1.11,5.5,Betfair,1.65,2.1,Betfair,3.3,1.29,Betfair,7.5,1.06,Betfair,17.0,1.01,Betfair,2.5,1.44,Betfair,1.3,1.44,1.5,0.33,1.05,0.44,0.56,11.0,11.0,1.0,6.0,3.0,3.0,11.0,9.0,3.0,2.0,3.0,0.0,3.0,1.0,0.48,0.52,4.0,7.0,1.0,3.0,1.0,3.0,0.4,0.6,7.0,4.0,0.0,3.0,2.0,0.0
lvQ7XCEc,EGYPT,2025-2026,Premier League 2025 2026,29/08/2025,15:00,Round 5,National Bank Egypt,El Gaish,0,0,[],[],Betfair,2.88,1.83,4.33,Betfair,2.05,2.8,3.8,Betfair,1.57,2.25,Betfair,4.0,1.2,Betfair,11.0,1.01,Betfair,1.08,6.5,Betfair,1.57,2.25,Betfair,2.88,1.36,Betfair,6.5,1.11,Betfair,11.0,1.01,Betfair,2.2,1.57,Betfair,1.25,1.4,1.67,1.48,0.21,0.62,0.38,22.0,5.0,4.0,0.0,3.0,1.0,13.0,14.0,2.0,2.0,3.0,2.0,0.0,4.0,0.54,0.46,7.0,5.0,1.0,0.0,1.0,1.0,0.7,0.3,15.0,0.0,3.0,0.0,2.0,0.0
EPZdFVbT,EGYPT,2025-2026,Premier League 2025 2026,29/08/2025,12:00,Round 5,Arab Contractors,Ceramica Cleopatra,0,1,[],[3],Betfair,4.5,1.91,2.7,Betfair,3.8,3.0,2.1,Betfair,1.5,2.4,Betfair,3.8,1.22,Betfair,10.0,1.02,Betfair,1.07,7.0,Betfair,1.45,2.55,Betfair,2.55,1.45,Betfair,5.5,1.11,Betfair,11.0,1.01,Betfair,2.2,1.6,Betfair,1.67,1.36,1.25,2.65,0.48,0.62,0.38,14.0,6.0,5.0,2.0,7.0,2.0,12.0,7.0,3.0,3.0,3.0,0.0,1.0,5.0,0.6,0.4,5.0,6.0,3.0,2.0,2.0,2.0,0.63,0.37,9.0,0.0,2.0,0.0,5.0,0.0
IctlHiUG,EGYPT,2025-2026,Premier League 2025 2026,26/08/2025,15:00,Round 4,Haras El Hodood,Al Masry,1,1,[92],[18],Betfair,9.0,2.3,1.8,Betfair,10.0,4.4,1.29,Betfair,1.36,2.88,Betfair,3.2,1.3,Betfair,8.0,1.05,Betfair,1.03,9.0,Betfair,1.33,3.0,Betfair,2.1,1.65,Betfair,4.0,1.2,Betfair,8.0,1.05,Betfair,2.7,1.4,Betfair,3.3,1.17,1.05,1.23,0.46,0.44,0.56,12.0,10.0,2.0,3.0,7.0,4.0,11.0,8.0,2.0,3.0,0.0,2.0,2.0,1.0,0.32,0.68,2.0,6.0,0.0,2.0,1.0,2.0,0.57,0.43,10.0,4.0,2.0,1.0,6.0,2.0
AXxtJDa4,EGYPT,2025-2026,Premier League 2025 2026,26/08/2025,15:00,Round 4,Zamalek,Pharco,1,0,[48],[],Betfair,1.8,2.25,9.0,Betfair,1.25,4.33,11.0,Betfair,1.4,2.75,Betfair,3.3,1.29,Betfair,8.0,1.05,Betfair,1.05,8.0,Betfair,1.36,2.88,Betfair,2.2,1.6,Betfair,4.0,1.2,Betfair,8.0,1.05,Betfair,2.8,1.36,Betfair,1.04,1.17,3.4,2.44,0.05,0.71,0.29,21.0,2.0,5.0,0.0,4.0,2.0,7.0,21.0,2.0,5.0,2.0,1.0,0.0,4.0,0.72,0.28,6.0,1.0,0.0,0.0,3.0,1.0,0.7,0.3,15.0,1.0,5.0,0.0,1.0,1.0
lIlXKZUi,EGYPT,2025-2026,Premier League 2025 2026,26/08/2025,12:00,Round 4,Kahrabaa Ismailia,Smouha,1,2,[52],"[8, 91]",Betfair,4.33,1.83,2.88,Betfair,3.6,2.88,2.1,Betfair,1.57,2.25,Betfair,4.0,1.2,Betfair,11.0,1.01,Betfair,1.08,6.5,Betfair,1.57,2.25,Betfair,2.88,1.36,Betfair,6.5,1.08,Betfair,13.0,1.01,Betfair,2.3,1.53,Betfair,1.67,1.4,1.25,1.01,1.36,0.57,0.43,11.0,16.0,6.0,7.0,3.0,5.0,14.0,19.0,2.0,2.0,3.0,1.0,5.0,5.0,0.6,0.4,8.0,9.0,3.0,3.0,3.0,2.0,0.55,0.45,3.0,7.0,3.0,4.0,0.0,3.0
Iq1F2hFN,EGYPT,2025-2026,Premier League 2025 2026,25/08/2025,15:00,Round 4,Petrojet,Arab Contractors,1,0,[79],[],Betfair,3.0,1.83,4.2,Betfair,2.15,2.8,3.5,Betfair,1.57,2.25,Betfair,3.8,1.22,Betfair,11.0,1.01,Betfair,1.07,7.0,Betfair,1.5,2.4,Betfair,2.75,1.4,Betfair,5.5,1.11,Betfair,11.0,1.01,Betfair,2.2,1.57,Betfair,1.25,1.36,1.62,0.93,0.41,0.46,0.54,13.0,9.0,5.0,2.0,3.0,6.0,9.0,7.0,0.0,2.0,2.0,2.0,2.0,4.0,0.44,0.56,4.0,4.0,1.0,1.0,1.0,5.0,0.49,0.51,9.0,5.0,4.0,1.0,2.0,1.0
xUsncWxo,EGYPT,2025-2026,Premier League 2025 2026,25/08/2025,15:00,Round 4,Pyramids,Modern Sport,1,2,[97],"[10, 59]",Betfair,2.1,2.0,7.0,Betfair,1.44,3.6,7.5,Betfair,1.5,2.4,Betfair,3.6,1.25,Betfair,10.0,1.02,Betfair,1.06,7.5,Betfair,1.45,2.55,Betfair,2.55,1.45,Betfair,5.5,1.11,Betfair,11.0,1.01,Betfair,2.7,1.4,Betfair,1.07,1.25,2.63,2.14,0.98,0.72,0.28,22.0,7.0,5.0,2.0,9.0,1.0,17.0,12.0,3.0,3.0,2.0,0.0,0.0,4.0,0.75,0.25,7.0,4.0,1.0,1.0,4.0,0.0,0.67,0.33,15.0,3.0,4.0,1.0,5.0,1.0
l49b6zGb,EGYPT,2025-2026,Premier League 2025 2026,25/08/2025,12:00,Round 4,Ghazl El Mahallah,Al Ahly,0,0,[],[],Betfair,7.5,2.3,1.83,Betfair,8.0,4.2,1.33,Betfair,1.36,2.88,Betfair,3.0,1.33,Betfair,8.0,1.05,Betfair,1.03,9.0,Betfair,1.29,3.3,Betfair,2.0,1.73,Betfair,3.8,1.22,Betfair,7.5,1.06,Betfair,2.38,1.5,Betfair,3.0,1.2,1.06,0.26,1.13,0.33,0.67,6.0,18.0,2.0,4.0,1.0,8.0,15.0,11.0,0.0,2.0,2.0,2.0,4.0,2.0,0.38,0.62,2.0,9.0,1.0,2.0,0.0,6.0,0.29,0.71,4.0,9.0,1.0,2.0,1.0,2.0
pW274EpB,EGYPT,2025-2026,Premier League 2025 2026,25/08/2025,12:00,Round 4,ZED,Wadi Degla,1,2,[48],"[38, 61]",Betfair,3.75,1.67,4.0,Betfair,2.8,2.45,2.9,Betfair,1.8,1.91,Betfair,5.5,1.11,Betfair,17.0,1.01,Betfair,1.14,4.8,Betfair,1.91,1.8,Betfair,4.0,1.2,Betfair,9.0,1.03,Betano.br,10.25,1.02,Betfair,2.8,1.36,Betfair,1.36,1.5,1.4,1.43,1.83,0.49,0.51,8.0,11.0,3.0,3.0,2.0,3.0,15.0,19.0,1.0,2.0,3.0,1.0,1.0,2.0,0.44,0.56,4.0,8.0,3.0,2.0,0.0,3.0,0.53,0.47,4.0,3.0,0.0,1.0,2.0,0.0
2mBj8don,EGYPT,2025-2026,Premier League 2025 2026,24/08/2025,15:00,Round 4,El Gaish,El Ismaily,0,1,[],[14],Betfair,2.75,1.73,5.5,Betfair,1.87,2.63,5.0,Betfair,1.65,2.1,Betfair,4.8,1.14,Betfair,13.0,1.01,Betfair,1.11,5.5,Betfair,1.75,1.95,Betfair,3.3,1.29,Betfair,7.5,1.05,Betfair,17.0,1.01,Betfair,2.8,1.36,Betfair,1.14,1.44,1.83,0.87,0.68,0.47,0.53,13.0,9.0,1.0,2.0,12.0,2.0,11.0,14.0,4.0,3.0,1.0,2.0,1.0,1.0,0.4,0.6,5.0,6.0,0.0,2.0,6.0,2.0,0.54,0.46,8.0,3.0,1.0,0.0,6.0,0.0
bZptlg0U,EGYPT,2025-2026,Premier League 2025 2026,24/08/2025,15:00,Round 4,Enppi,El Gouna,0,0,[],[],Betfair,3.2,1.73,4.33,Betfair,2.2,2.5,3.9,Betfair,1.65,2.1,Betfair,4.8,1.14,Betfair,13.0,1.01,Betfair,1.11,5.5,Betfair,1.65,2.1,Betfair,3.3,1.29,Betfair,7.5,1.06,Betfair,17.0,1.01,Betfair,2.5,1.44,Betfair,1.22,1.5,1.62,0.51,0.37,0.53,0.47,6.0,7.0,4.0,4.0,9.0,1.0,11.0,8.0,1.0,3.0,2.0,2.0,4.0,4.0,0.45,0.55,2.0,3.0,1.0,2.0,4.0,1.0,0.62,0.38,4.0,4.0,3.0,2.0,5.0,0.0
j9sYkFVH,EGYPT,2025-2026,Premier League 2025 2026,24/08/2025,12:00,Round 4,Al Ittihad,National Bank Egypt,0,0,[],[],Betfair,4.5,1.91,2.7,Betfair,3.9,2.88,2.0,Betfair,1.57,2.25,Betfair,4.0,1.2,Betfair,11.0,1.01,Betfair,1.07,7.0,Betfair,1.5,2.4,Betfair,2.75,1.4,Betfair,5.5,1.11,Betfair,11.0,1.01,Betfair,2.3,1.53,Betfair,1.73,1.36,1.22,0.59,1.35,0.45,0.55,10.0,14.0,3.0,5.0,1.0,13.0,7.0,6.0,,,1.0,0.0,5.0,3.0,0.49,0.51,5.0,4.0,1.0,2.0,1.0,8.0,0.41,0.59,5.0,10.0,2.0,3.0,0.0,5.0
fslPiy15,EGYPT,2025-2026,Premier League 2025 2026,21/08/2025,15:00,Round 3,Modern Sport,Zamalek,1,2,[58],"[12, 48]",Betfair,5.0,1.83,2.5,Betfair,4.6,2.9,1.85,Betfair,1.57,2.25,Betfair,4.0,1.2,Betfair,11.0,1.01,Betfair,1.08,6.5,Betfair,1.57,2.25,Betfair,2.88,1.36,Betfair,6.5,1.08,Betfair,13.0,1.01,Betfair,2.38,1.5,Betfair,1.83,1.36,1.17,0.86,0.52,0.54,0.46,12.0,9.0,3.0,5.0,4.0,1.0,11.0,20.0,3.0,5.0,1.0,3.0,3.0,2.0,0.54,0.46,5.0,3.0,0.0,3.0,3.0,1.0,0.53,0.47,7.0,6.0,3.0,2.0,1.0,0.0
MTkHgcWh,EGYPT,2025-2026,Premier League 2025 2026,21/08/2025,15:00,Round 3,Smouha,ZED,1,1,[10],[27],Betfair,3.6,1.73,3.75,Betfair,2.63,2.55,3.0,Betfair,1.73,2.0,Betfair,4.8,1.14,Betfair,13.0,1.01,Betfair,1.13,5.2,Betfair,1.75,1.95,Betfair,3.6,1.25,Betfair,8.0,1.05,Betano.br,9.75,1.03,Betfair,2.5,1.44,Betfair,1.36,1.44,1.44,1.79,0.43,0.46,0.54,16.0,6.0,6.0,2.0,4.0,5.0,16.0,10.0,4.0,0.0,2.0,1.0,1.0,5.0,0.4,0.6,11.0,3.0,5.0,2.0,1.0,3.0,0.51,0.49,5.0,3.0,1.0,0.0,3.0,2.0
SUd8eJ1t,EGYPT,2025-2026,Premier League 2025 2026,21/08/2025,12:00,Round 3,Arab Contractors,Haras El Hodood,0,0,[],[],Betfair,3.2,1.83,4.0,Betfair,2.3,2.7,3.4,Betfair,1.6,2.2,Betfair,4.0,1.2,Betfair,11.0,1.01,Betfair,1.08,6.5,Betfair,1.6,2.2,Betfair,2.88,1.36,Betfair,6.5,1.08,Betfair,13.0,1.01,Betfair,2.3,1.53,Betfair,1.3,1.4,1.57,2.56,0.1,0.65,0.35,21.0,3.0,7.0,0.0,4.0,2.0,14.0,9.0,2.0,5.0,5.0,1.0,0.0,7.0,0.6,0.4,6.0,3.0,2.0,0.0,1.0,1.0,0.71,0.29,15.0,0.0,5.0,0.0,3.0,1.0
2ktcl2fD,EGYPT,2025-2026,Premier League 2025 2026,20/08/2025,15:00,Round 3,El Gouna,Ghazl El Mahallah,0,0,[],[],Betfair,3.4,1.8,4.0,Betfair,2.45,2.63,3.1,Betfair,1.65,2.1,Betfair,4.8,1.14,Betfair,13.0,1.01,Betfair,1.11,5.5,Betfair,1.65,2.1,Betfair,3.3,1.29,Betfair,7.5,1.06,Betfair,17.0,1.01,Betfair,2.5,1.44,Betfair,1.3,1.44,1.5,0.66,0.62,0.47,0.53,11.0,10.0,3.0,2.0,4.0,5.0,9.0,13.0,2.0,3.0,0.0,0.0,2.0,3.0,0.5,0.5,3.0,7.0,0.0,2.0,1.0,3.0,0.46,0.54,8.0,3.0,3.0,0.0,3.0,2.0
tzhljOP0,EGYPT,2025-2026,Premier League 2025 2026,20/08/2025,15:00,Round 3,Wadi Degla,Petrojet,0,1,[],[46],Betfair,3.75,1.83,3.5,Betfair,2.8,2.63,2.63,Betfair,1.6,2.2,Betfair,4.0,1.2,Betfair,11.0,1.01,Betfair,1.08,6.5,Betfair,1.6,2.2,Betfair,2.88,1.36,Betfair,6.5,1.08,Betfair,13.0,1.01,Betfair,2.3,1.53,Betfair,1.4,1.4,1.4,0.72,0.71,0.57,0.43,12.0,10.0,4.0,4.0,4.0,1.0,14.0,13.0,4.0,2.0,0.0,1.0,3.0,4.0,0.52,0.48,4.0,7.0,2.0,2.0,1.0,1.0,0.62,0.38,8.0,3.0,2.0,2.0,3.0,0.0
Y9lthpel,EGYPT,2025-2026,Premier League 2025 2026,20/08/2025,12:00,Round 3,Ceramica Cleopatra,Enppi,2,0,"[53, 62]",[],Betfair,3.0,1.83,4.5,Betfair,2.1,2.75,3.75,Betfair,1.6,2.2,Betfair,4.5,1.17,Betfair,11.0,1.01,Betfair,1.11,5.5,Betfair,1.6,2.2,Betfair,3.0,1.33,Betfair,7.0,1.07,Betfair,13.0,1.01,Betfair,2.38,1.5,Betfair,1.22,1.4,1.67,1.26,1.48,0.59,0.41,11.0,10.0,3.0,2.0,3.0,6.0,13.0,12.0,3.0,4.0,1.0,3.0,2.0,1.0,0.66,0.34,3.0,4.0,0.0,2.0,1.0,2.0,0.49,0.51,8.0,6.0,3.0,0.0,2.0,4.0
4vWHc6XQ,EGYPT,2025-2026,Premier League 2025 2026,19/08/2025,15:00,Round 3,Al Masry,Pyramids,2,2,"[49, 83]","[36, 65]",Betfair,4.0,2.0,2.8,Betfair,3.25,3.0,2.15,Betfair,1.44,2.6,Betfair,3.3,1.29,Betfair,9.0,1.03,Betfair,1.05,8.0,Betfair,1.36,2.88,Betfair,2.25,1.57,Betfair,4.5,1.17,Betfair,9.0,1.03,Betfair,1.95,1.73,Betfair,1.62,1.33,1.3,1.65,1.15,0.41,0.59,8.0,15.0,3.0,3.0,1.0,5.0,13.0,15.0,1.0,5.0,1.0,1.0,1.0,1.0,0.42,0.58,4.0,9.0,0.0,2.0,1.0,2.0,0.39,0.61,4.0,6.0,3.0,1.0,0.0,3.0
WQX9aS2E,EGYPT,2025-2026,Premier League 2025 2026,19/08/2025,15:00,Round 3,El Ismaily,Al Ittihad,0,1,[],[66],Betfair,5.0,1.73,3.0,Betfair,4.0,2.4,2.3,Betfair,1.75,1.95,Betfair,5.2,1.13,Betfair,17.0,1.01,Betfair,1.14,4.8,Betfair,1.85,1.85,Betfair,3.8,1.22,Betfair,8.0,1.05,Betano.br,10.5,1.02,Betfair,2.8,1.36,Betfair,1.57,1.5,1.22,0.48,0.95,0.62,0.38,10.0,9.0,4.0,4.0,7.0,6.0,6.0,16.0,5.0,4.0,2.0,3.0,3.0,4.0,0.59,0.41,7.0,5.0,2.0,2.0,5.0,2.0,0.65,0.35,3.0,4.0,2.0,2.0,2.0,4.0
GIkNyPA7,EGYPT,2025-2026,Premier League 2025 2026,19/08/2025,12:00,Round 3,National Bank Egypt,Kahrabaa Ismailia,1,1,[95],[97],Betfair,2.5,1.91,4.5,Betfair,1.8,3.1,4.5,Betfair,1.45,2.55,Betfair,3.6,1.25,Betfair,9.0,1.03,Betfair,1.05,7.5,Betfair,1.4,2.75,Betfair,2.4,1.5,Betfair,4.8,1.14,Betfair,9.0,1.03,Betfair,2.05,1.67,Betfair,1.17,1.33,1.91,2.75,0.21,0.63,0.37,21.0,5.0,5.0,2.0,12.0,5.0,11.0,14.0,2.0,0.0,0.0,2.0,1.0,4.0,0.58,0.42,10.0,1.0,2.0,1.0,4.0,4.0,0.69,0.31,11.0,4.0,3.0,1.0,8.0,1.0
8hnFwote,EGYPT,2025-2026,Premier League 2025 2026,19/08/2025,12:00,Round 3,Pharco,El Gaish,0,1,[],[65],Betfair,4.0,1.73,3.5,Betfair,2.9,2.6,2.63,Betfair,1.65,2.1,Betfair,4.8,1.14,Betfair,13.0,1.01,Betfair,1.11,5.5,Betfair,1.73,2.0,Betfair,3.3,1.29,Betfair,7.5,1.06,Betfair,17.0,1.01,Betfair,2.5,1.44,Betfair,1.44,1.44,1.36,0.56,1.01,0.43,0.57,6.0,12.0,3.0,5.0,1.0,9.0,11.0,13.0,1.0,3.0,1.0,3.0,4.0,3.0,0.39,0.61,4.0,7.0,3.0,4.0,1.0,8.0,0.47,0.53,2.0,5.0,0.0,1.0,0.0,1.0
IN7zoTmL,EGYPT,2025-2026,Premier League 2025 2026,16/08/2025,15:00,Round 2,Ghazl El Mahallah,Smouha,0,0,[],[],Betfair,3.75,1.73,3.5,Betfair,2.9,2.6,2.63,Betfair,1.65,2.1,Betfair,4.8,1.14,Betfair,13.0,1.01,Betfair,1.11,5.5,Betfair,1.73,2.0,Betfair,3.3,1.29,Betfair,7.5,1.06,Betfair,17.0,1.01,Betfair,2.5,1.44,Betfair,1.44,1.44,1.36,1.28,0.76,0.48,0.52,8.0,9.0,1.0,1.0,2.0,8.0,8.0,17.0,2.0,3.0,3.0,2.0,1.0,1.0,0.51,0.49,5.0,4.0,1.0,1.0,2.0,2.0,0.43,0.57,3.0,5.0,0.0,0.0,0.0,6.0
nwb6u7Br,EGYPT,2025-2026,Premier League 2025 2026,16/08/2025,15:00,Round 2,Zamalek,Arab Contractors,0,0,[],[],Betfair,2.0,2.0,7.5,Betfair,1.4,3.6,8.0,Betfair,1.5,2.4,Betfair,3.6,1.25,Betfair,10.0,1.02,Betfair,1.06,7.5,Betfair,1.44,2.6,Betfair,2.4,1.5,Betfair,4.8,1.14,Betfair,10.0,1.02,Betfair,2.7,1.4,Betfair,1.06,1.25,2.7,0.71,0.06,0.7,0.3,11.0,6.0,1.0,1.0,4.0,6.0,14.0,18.0,3.0,2.0,3.0,3.0,1.0,1.0,0.72,0.28,4.0,4.0,0.0,1.0,3.0,4.0,0.68,0.32,7.0,2.0,1.0,0.0,1.0,2.0
MeERnkJ8,EGYPT,2025-2026,Premier League 2025 2026,16/08/2025,12:00,Round 2,Enppi,Wadi Degla,1,0,[54],[],Betfair,3.3,1.83,3.75,Betfair,2.4,2.63,3.1,Betfair,1.6,2.2,Betfair,4.0,1.2,Betfair,11.0,1.01,Betfair,1.08,6.5,Betfair,1.57,2.25,Betfair,2.88,1.36,Betfair,6.5,1.08,Betfair,13.0,1.01,Betfair,2.3,1.53,Betfair,1.3,1.4,1.5,0.84,0.77,0.42,0.58,8.0,14.0,3.0,0.0,6.0,5.0,6.0,18.0,1.0,2.0,1.0,0.0,0.0,2.0,0.45,0.55,1.0,6.0,1.0,0.0,1.0,0.0,0.39,0.61,7.0,8.0,2.0,0.0,5.0,5.0
YZXWQ7dk,EGYPT,2025-2026,Premier League 2025 2026,15/08/2025,15:00,Round 2,Al Ahly,Pharco,4,1,"[10, 21, 59, 81]",[70],Betfair,1.57,2.7,9.5,Betfair,1.18,5.5,13.0,Betfair,1.25,3.6,Betfair,2.4,1.5,Betfair,6.5,1.08,Betfair,1.01,13.0,Betfair,1.17,4.5,Betfair,1.65,2.1,Betfair,2.75,1.4,Betfair,5.2,1.13,Betfair,2.3,1.53,Betfair,1.04,1.13,4.33,1.49,0.9,0.63,0.37,12.0,9.0,6.0,2.0,0.0,3.0,9.0,10.0,4.0,3.0,2.0,3.0,1.0,2.0,0.66,0.34,8.0,1.0,3.0,0.0,0.0,0.0,0.59,0.41,4.0,8.0,3.0,2.0,0.0,3.0
U1RuPoR1,EGYPT,2025-2026,Premier League 2025 2026,15/08/2025,15:00,Round 2,Haras El Hodood,National Bank Egypt,1,0,[25],[],Betfair,5.0,1.83,2.5,Betfair,4.6,2.9,1.85,Betfair,1.57,2.25,Betfair,4.0,1.2,Betfair,11.0,1.01,Betfair,1.08,6.5,Betfair,1.57,2.25,Betfair,2.88,1.36,Betfair,6.5,1.08,Betfair,13.0,1.01,Betfair,2.38,1.5,Betfair,1.83,1.36,1.17,0.49,1.5,0.33,0.67,9.0,15.0,3.0,5.0,3.0,8.0,14.0,10.0,5.0,2.0,1.0,3.0,5.0,2.0,0.36,0.64,7.0,6.0,3.0,2.0,3.0,2.0,0.28,0.72,2.0,9.0,0.0,3.0,0.0,6.0
O0n1WTYR,EGYPT,2025-2026,Premier League 2025 2026,15/08/2025,12:00,Round 2,Petrojet,Kahrabaa Ismailia,2,2,"[8, 22]","[54, 57]",Betfair,2.7,1.83,5.0,Betfair,1.9,2.9,4.4,Betfair,1.57,2.25,Betfair,4.0,1.2,Betfair,11.0,1.01,Betfair,1.08,6.5,Betfair,1.57,2.25,Betfair,2.88,1.36,Betfair,6.5,1.08,Betfair,13.0,1.01,Betfair,2.38,1.5,Betfair,1.17,1.36,1.83,2.12,1.1,0.47,0.53,15.0,12.0,7.0,3.0,4.0,4.0,16.0,14.0,2.0,3.0,3.0,1.0,1.0,5.0,0.45,0.55,9.0,5.0,4.0,1.0,2.0,2.0,0.5,0.5,6.0,7.0,3.0,2.0,2.0,2.0
2obhYk4F,EGYPT,2025-2026,Premier League 2025 2026,14/08/2025,15:30,Round 2,El Gaish,Al Masry,0,3,[],"[12, 52, 87]",Betfair,6.0,1.83,2.4,Betfair,5.5,2.9,1.7,Betano.br,1.65,2.1,Betano.br,3.75,1.23,Betano.br,8.25,1.04,Betfair,1.11,5.5,Betfair,1.65,2.1,Betfair,3.2,1.3,Betfair,7.0,1.07,Betano.br,9.0,1.03,Betfair,2.8,1.36,Betfair,2.0,1.36,1.13,0.68,0.96,0.53,0.47,13.0,13.0,3.0,6.0,6.0,4.0,11.0,5.0,2.0,1.0,2.0,0.0,3.0,3.0,0.5,0.5,4.0,5.0,0.0,1.0,2.0,2.0,0.56,0.44,9.0,8.0,3.0,5.0,4.0,2.0
fLfpzCZ2,EGYPT,2025-2026,Premier League 2025 2026,14/08/2025,15:00,Round 2,Pyramids,El Ismaily,1,0,[83],[],Betfair,1.73,2.3,8.5,Betfair,1.29,4.6,12.0,Betano.br,1.4,2.75,Betano.br,2.67,1.42,Betano.br,5.8,1.1,Betfair,1.02,10.0,Betfair,1.29,3.3,Betfair,1.95,1.75,Betfair,3.6,1.25,Betfair,7.0,1.07,Betfair,2.4,1.5,Betfair,1.04,1.17,3.5,1.27,0.13,0.67,0.33,21.0,2.0,6.0,1.0,10.0,3.0,15.0,17.0,3.0,6.0,1.0,2.0,1.0,5.0,0.69,0.31,8.0,2.0,1.0,1.0,5.0,1.0,0.64,0.36,13.0,0.0,5.0,0.0,5.0,2.0
xpQaSaGd,EGYPT,2025-2026,Premier League 2025 2026,14/08/2025,12:00,Round 2,Al Ittihad,Modern Sport,1,2,[91],"[5, 51]",Betfair,3.6,1.8,3.6,Betfair,2.8,2.63,2.9,Betano.br,1.65,2.1,Betano.br,3.7,1.24,Betano.br,8.0,1.05,Betfair,1.11,5.5,Betfair,1.65,2.1,Betfair,3.2,1.3,Betfair,7.0,1.07,Betano.br,9.0,1.03,Betfair,2.4,1.5,Betano.br,1.38,1.47,1.42,0.84,1.26,0.55,0.45,9.0,6.0,2.0,3.0,7.0,3.0,13.0,12.0,2.0,4.0,1.0,0.0,1.0,1.0,0.54,0.46,1.0,3.0,0.0,2.0,3.0,1.0,0.55,0.45,8.0,3.0,2.0,1.0,4.0,2.0
4WRiULop,EGYPT,2025-2026,Premier League 2025 2026,14/08/2025,12:00,Round 2,ZED,Ceramica Cleopatra,0,0,[],[],Betfair,4.5,1.8,3.1,Betfair,3.6,2.7,2.38,Betano.br,1.57,2.27,Betano.br,3.35,1.28,Betano.br,7.4,1.06,Betfair,1.11,5.5,Betfair,1.65,2.1,Betfair,3.0,1.33,Betfair,7.0,1.07,Betano.br,8.75,1.04,Betfair,2.4,1.5,Betfair,1.57,1.44,1.25,0.78,0.97,0.33,0.67,10.0,12.0,2.0,2.0,0.0,6.0,6.0,12.0,1.0,1.0,0.0,5.0,2.0,2.0,0.35,0.65,4.0,7.0,2.0,1.0,0.0,2.0,0.3,0.7,6.0,5.0,0.0,1.0,0.0,4.0
hvTDy4gA,EGYPT,2025-2026,Premier League 2025 2026,10/08/2025,15:00,Round 1,National Bank Egypt,Ghazl El Mahallah,0,0,[],[],Betfair,2.5,1.91,5.0,Betfair,1.8,3.1,4.4,Betano.br,1.52,2.35,Betano.br,3.15,1.31,Betano.br,7.0,1.07,Betfair,1.06,7.5,Betfair,1.45,2.55,Betfair,2.4,1.5,Betfair,4.8,1.14,Betfair,10.0,1.02,Betfair,2.15,1.6,Betfair,1.17,1.33,1.91,0.76,0.28,0.63,0.37,10.0,7.0,3.0,0.0,11.0,2.0,11.0,11.0,1.0,1.0,3.0,2.0,0.0,3.0,0.6,0.4,7.0,2.0,2.0,0.0,5.0,1.0,0.65,0.35,3.0,5.0,1.0,0.0,6.0,1.0
WOv5wQOc,EGYPT,2025-2026,Premier League 2025 2026,10/08/2025,15:00,Round 1,Pharco,Enppi,0,0,[],[],Betfair,3.75,1.8,3.5,Betfair,2.88,2.63,2.63,Betano.br,1.65,2.1,Betano.br,3.65,1.24,Betano.br,8.0,1.05,Betfair,1.11,5.5,Betfair,1.65,2.1,Betfair,3.2,1.3,Betfair,7.0,1.07,Betano.br,9.0,1.03,Betfair,2.38,1.5,Betfair,1.44,1.44,1.36,0.63,0.6,0.43,0.57,10.0,10.0,3.0,1.0,7.0,6.0,15.0,11.0,2.0,0.0,2.0,0.0,1.0,3.0,0.46,0.54,5.0,5.0,1.0,1.0,5.0,5.0,0.4,0.6,5.0,5.0,2.0,0.0,2.0,1.0
4InJFMWj,EGYPT,2025-2026,Premier League 2025 2026,10/08/2025,12:00,Round 1,Kahrabaa Ismailia,El Gouna,0,1,[],[78],Betfair,3.25,1.91,3.75,Betfair,2.4,2.75,3.0,Betano.br,1.6,2.2,Betano.br,3.4,1.27,Betano.br,7.5,1.06,Betfair,1.07,7.0,Betfair,1.5,2.4,Betfair,2.75,1.4,Betfair,5.5,1.11,Betfair,11.0,1.01,Betfair,2.15,1.6,Betfair,1.33,1.4,1.5,0.53,0.46,0.44,0.56,10.0,8.0,2.0,3.0,3.0,4.0,23.0,13.0,2.0,3.0,1.0,1.0,2.0,2.0,0.43,0.57,3.0,4.0,0.0,1.0,1.0,1.0,0.46,0.54,7.0,4.0,2.0,2.0,2.0,3.0
ET9pziI5,EGYPT,2025-2026,Premier League 2025 2026,09/08/2025,15:00,Round 1,El Ismaily,Petrojet,0,0,[],[],Betfair,3.6,1.91,3.1,Betfair,3.0,3.0,2.45,Betano.br,1.53,2.35,Betano.br,3.1,1.32,Betano.br,6.8,1.07,Betfair,1.06,7.5,Betfair,1.4,2.75,Betfair,2.4,1.5,Betfair,4.8,1.14,Betfair,10.0,1.02,Betfair,2.0,1.73,Betfair,1.5,1.36,1.36,0.18,1.06,0.52,0.48,7.0,9.0,3.0,2.0,3.0,5.0,13.0,9.0,4.0,1.0,0.0,0.0,2.0,3.0,0.5,0.5,3.0,4.0,2.0,1.0,1.0,4.0,0.55,0.45,4.0,5.0,1.0,1.0,2.0,1.0
ns8hYUnI,EGYPT,2025-2026,Premier League 2025 2026,09/08/2025,15:00,Round 1,Modern Sport,Al Ahly,2,2,"[58, 74]","[50, 79]",Betfair,6.5,2.2,1.91,Betfair,7.0,4.0,1.47,Betano.br,1.38,2.75,Betano.br,2.67,1.4,Betano.br,6.2,1.08,Betfair,1.03,9.0,Betfair,1.29,3.3,Betfair,2.0,1.73,Betfair,3.6,1.25,Betfair,7.5,1.06,Betfair,2.2,1.6,Betfair,2.7,1.22,1.1,0.71,1.07,0.32,0.68,6.0,16.0,3.0,4.0,2.0,6.0,16.0,12.0,6.0,2.0,4.0,1.0,2.0,1.0,0.35,0.65,4.0,3.0,1.0,0.0,0.0,3.0,0.28,0.72,2.0,13.0,2.0,4.0,2.0,3.0
I1GyxDmg,EGYPT,2025-2026,Premier League 2025 2026,09/08/2025,12:00,Round 1,Arab Contractors,ZED,0,2,[],"[8, 61]",Betfair,4.2,1.91,2.88,Betfair,3.4,2.75,2.2,Betano.br,1.55,2.3,Betano.br,3.15,1.31,Betano.br,7.0,1.07,Betfair,1.07,7.0,Betfair,1.5,2.4,Betfair,2.75,1.4,Betano.br,4.45,1.17,Betfair,11.0,1.01,Betfair,2.2,1.57,Betfair,1.57,1.4,1.29,0.67,1.74,0.56,0.44,14.0,10.0,3.0,4.0,6.0,7.0,11.0,10.0,2.0,2.0,1.0,0.0,2.0,3.0,0.54,0.46,3.0,4.0,0.0,1.0,3.0,4.0,0.58,0.42,11.0,6.0,3.0,3.0,3.0,3.0
AyDTwZIt,EGYPT,2025-2026,Premier League 2025 2026,09/08/2025,12:00,Round 1,Smouha,El Gaish,1,1,[40],[51],Betfair,3.25,1.8,4.2,Betfair,2.3,2.63,3.5,Betano.br,1.7,2.05,Betano.br,3.85,1.22,Betano.br,8.5,1.04,Betfair,1.11,5.5,Betfair,1.65,2.1,Betfair,3.3,1.29,Betfair,7.5,1.06,Betano.br,9.5,1.03,Betfair,2.55,1.45,Betfair,1.25,1.44,1.57,1.85,0.16,0.48,0.52,14.0,5.0,2.0,1.0,5.0,4.0,17.0,12.0,2.0,2.0,3.0,2.0,0.0,1.0,0.46,0.54,4.0,1.0,1.0,0.0,4.0,2.0,0.5,0.5,10.0,4.0,1.0,1.0,1.0,2.0
0QqBLi3C,EGYPT,2025-2026,Premier League 2025 2026,08/08/2025,15:00,Round 1,Al Masry,Al Ittihad,3,1,"[16, 69, 97]",[48],Betfair,2.63,1.83,5.0,Betfair,1.85,2.8,5.0,Betano.br,1.62,2.15,Betano.br,3.55,1.25,Betano.br,7.8,1.05,Betfair,1.08,6.5,Betfair,1.57,2.25,Betfair,2.88,1.36,Betfair,6.5,1.08,Betano.br,8.5,1.04,Betfair,2.5,1.44,Betano.br,1.18,1.37,1.9,0.91,0.89,0.49,0.51,13.0,12.0,6.0,1.0,3.0,6.0,12.0,14.0,3.0,1.0,2.0,0.0,0.0,3.0,0.51,0.49,5.0,7.0,3.0,0.0,0.0,4.0,0.48,0.52,8.0,5.0,3.0,1.0,3.0,2.0
6NnJJVXO,EGYPT,2025-2026,Premier League 2025 2026,08/08/2025,15:00,Round 1,Ceramica Cleopatra,Zamalek,0,2,[],"[84, 98]",Betfair,3.6,1.91,3.3,Betfair,2.75,2.88,2.55,Betano.br,1.57,2.27,Betano.br,3.25,1.29,Betano.br,7.2,1.06,Betfair,1.06,7.5,Betfair,1.45,2.55,Betfair,2.55,1.45,Betfair,5.2,1.13,Betfair,11.0,1.01,Betfair,2.05,1.67,Betfair,1.44,1.36,1.4,0.23,0.71,0.6,0.4,6.0,7.0,1.0,3.0,2.0,6.0,12.0,9.0,3.0,1.0,1.0,5.0,1.0,1.0,0.55,0.45,4.0,2.0,0.0,0.0,1.0,5.0,0.64,0.36,2.0,5.0,1.0,3.0,1.0,1.0
4bj2NDYa,EGYPT,2025-2026,Premier League 2025 2026,08/08/2025,12:00,Round 1,Wadi Degla,Pyramids,0,0,[],[],Betfair,6.0,2.1,2.0,Betfair,6.5,3.7,1.55,Betano.br,1.47,2.5,Betano.br,2.85,1.37,Betano.br,6.2,1.09,Betfair,1.03,9.0,Betfair,1.33,3.0,Betano.br,2.2,1.6,Betano.br,3.75,1.23,Betano.br,6.6,1.08,Betfair,2.2,1.6,Betfair,2.4,1.25,1.1,0.82,0.11,0.55,0.45,9.0,3.0,1.0,1.0,6.0,4.0,18.0,5.0,3.0,2.0,4.0,0.0,1.0,1.0,0.62,0.38,4.0,0.0,0.0,0.0,2.0,4.0,0.49,0.51,5.0,3.0,1.0,1.0,4.0,0.0
