League,ID,Season,Imagem
Austria 2. Liga,93,20162017,https://cdn.footystats.org/img/competitions/austria-2-liga.png
Austria 2. Liga,94,20152016,https://cdn.footystats.org/img/competitions/austria-2-liga.png
Austria 2. Liga,95,20142015,https://cdn.footystats.org/img/competitions/austria-2-liga.png
Austria 2. Liga,191,20172018,https://cdn.footystats.org/img/competitions/austria-2-liga.png
Austria 2. Liga,1550,20182019,https://cdn.footystats.org/img/competitions/austria-2-liga.png
Austria 2. Liga,2244,20192020,https://cdn.footystats.org/img/competitions/austria-2-liga.png
Austria 2. Liga,4860,20202021,https://cdn.footystats.org/img/competitions/austria-2-liga.png
Austria 2. Liga,6007,20212022,https://cdn.footystats.org/img/competitions/austria-2-liga.png
Austria 2. Liga,7584,20222023,https://cdn.footystats.org/img/competitions/austria-2-liga.png
Austria 2. Liga,9641,20232024,https://cdn.footystats.org/img/competitions/austria-2-liga.png
Austria 2. Liga,12478,20242025,https://cdn.footystats.org/img/competitions/austria-2-liga.png
Austria Bundesliga,89,20162017,https://cdn.footystats.org/img/competitions/austria-bundesliga.png
Austria Bundesliga,90,20152016,https://cdn.footystats.org/img/competitions/austria-bundesliga.png
Austria Bundesliga,91,20142015,https://cdn.footystats.org/img/competitions/austria-bundesliga.png
Austria Bundesliga,92,20132014,https://cdn.footystats.org/img/competitions/austria-bundesliga.png
Austria Bundesliga,190,20172018,https://cdn.footystats.org/img/competitions/austria-bundesliga.png
Austria Bundesliga,1556,20182019,https://cdn.footystats.org/img/competitions/austria-bundesliga.png
Austria Bundesliga,4384,20192020,https://cdn.footystats.org/img/competitions/austria-bundesliga.png
Austria Bundesliga,4861,20202021,https://cdn.footystats.org/img/competitions/austria-bundesliga.png
Austria Bundesliga,6008,20212022,https://cdn.footystats.org/img/competitions/austria-bundesliga.png
Austria Bundesliga,7890,20222023,https://cdn.footystats.org/img/competitions/austria-bundesliga.png
Austria Bundesliga,9954,20232024,https://cdn.footystats.org/img/competitions/austria-bundesliga.png
Austria Bundesliga,12472,20242025,https://cdn.footystats.org/img/competitions/austria-bundesliga.png
Belgium Pro League,82,20162017,https://cdn.footystats.org/img/competitions/belgium-pro-league.png
Belgium Pro League,112,20152016,https://cdn.footystats.org/img/competitions/belgium-pro-league.png
Belgium Pro League,184,20172018,https://cdn.footystats.org/img/competitions/belgium-pro-league.png
Belgium Pro League,1537,20182019,https://cdn.footystats.org/img/competitions/belgium-pro-league.png
Belgium Pro League,2262,20192020,https://cdn.footystats.org/img/competitions/belgium-pro-league.png
Belgium Pro League,4567,20202021,https://cdn.footystats.org/img/competitions/belgium-pro-league.png
Belgium Pro League,6079,20212022,https://cdn.footystats.org/img/competitions/belgium-pro-league.png
Belgium Pro League,7544,20222023,https://cdn.footystats.org/img/competitions/belgium-pro-league.png
Belgium Pro League,9577,20232024,https://cdn.footystats.org/img/competitions/belgium-pro-league.png
Belgium Pro League,12137,20242025,https://cdn.footystats.org/img/competitions/belgium-pro-league.png
Brazil Serie A,100,2017,https://cdn.footystats.org/img/competitions/brazil-serie-a.png
Brazil Serie A,101,2016,https://cdn.footystats.org/img/competitions/brazil-serie-a.png
Brazil Serie A,580,2015,https://cdn.footystats.org/img/competitions/brazil-serie-a.png
Brazil Serie A,581,2014,https://cdn.footystats.org/img/competitions/brazil-serie-a.png
Brazil Serie A,582,2013,https://cdn.footystats.org/img/competitions/brazil-serie-a.png
Brazil Serie A,1198,2018,https://cdn.footystats.org/img/competitions/brazil-serie-a.png
Brazil Serie A,1936,2019,https://cdn.footystats.org/img/competitions/brazil-serie-a.png
Brazil Serie A,3817,2020,https://cdn.footystats.org/img/competitions/brazil-serie-a.png
Brazil Serie A,5713,2021,https://cdn.footystats.org/img/competitions/brazil-serie-a.png
Brazil Serie A,7097,2022,https://cdn.footystats.org/img/competitions/brazil-serie-a.png
Brazil Serie A,9035,2023,https://cdn.footystats.org/img/competitions/brazil-serie-a.png
Brazil Serie A,11321,2024,https://cdn.footystats.org/img/competitions/brazil-serie-a.png
Brazil Serie B,102,2014,https://cdn.footystats.org/img/competitions/brazil-serie-b.png
Brazil Serie B,103,2013,https://cdn.footystats.org/img/competitions/brazil-serie-b.png
Brazil Serie B,113,2015,https://cdn.footystats.org/img/competitions/brazil-serie-b.png
Brazil Serie B,193,2017,https://cdn.footystats.org/img/competitions/brazil-serie-b.png
Brazil Serie B,1199,2018,https://cdn.footystats.org/img/competitions/brazil-serie-b.png
Brazil Serie B,1937,2019,https://cdn.footystats.org/img/competitions/brazil-serie-b.png
Brazil Serie B,4565,2020,https://cdn.footystats.org/img/competitions/brazil-serie-b.png
Brazil Serie B,5721,2021,https://cdn.footystats.org/img/competitions/brazil-serie-b.png
Brazil Serie B,5855,2016,https://cdn.footystats.org/img/competitions/brazil-serie-b.png
Brazil Serie B,7107,2022,https://cdn.footystats.org/img/competitions/brazil-serie-b.png
Brazil Serie B,9042,2023,https://cdn.footystats.org/img/competitions/brazil-serie-b.png
Brazil Serie B,11351,2024,https://cdn.footystats.org/img/competitions/brazil-serie-b.png
Bulgaria First League,690,20172018,https://cdn.footystats.org/img/competitions/bulgaria-first-league.png
Bulgaria First League,691,20162017,https://cdn.footystats.org/img/competitions/bulgaria-first-league.png
Bulgaria First League,692,20152016,https://cdn.footystats.org/img/competitions/bulgaria-first-league.png
Bulgaria First League,694,20142015,https://cdn.footystats.org/img/competitions/bulgaria-first-league.png
Bulgaria First League,695,20132014,https://cdn.footystats.org/img/competitions/bulgaria-first-league.png
Bulgaria First League,1547,20182019,https://cdn.footystats.org/img/competitions/bulgaria-first-league.png
Bulgaria First League,2285,20192020,https://cdn.footystats.org/img/competitions/bulgaria-first-league.png
Bulgaria First League,4574,20202021,https://cdn.footystats.org/img/competitions/bulgaria-first-league.png
Bulgaria First League,6012,20212022,https://cdn.footystats.org/img/competitions/bulgaria-first-league.png
Bulgaria First League,7483,20222023,https://cdn.footystats.org/img/competitions/bulgaria-first-league.png
Bulgaria First League,9551,20232024,https://cdn.footystats.org/img/competitions/bulgaria-first-league.png
Bulgaria First League,13863,20242025,https://cdn.footystats.org/img/competitions/bulgaria-first-league.png
Chile Primera División,494,2017,https://cdn.footystats.org/img/competitions/chile-primera-division.png
Chile Primera División,495,20162017,https://cdn.footystats.org/img/competitions/chile-primera-division.png
Chile Primera División,496,20152016,https://cdn.footystats.org/img/competitions/chile-primera-division.png
Chile Primera División,497,20142015,https://cdn.footystats.org/img/competitions/chile-primera-division.png
Chile Primera División,498,20132014,https://cdn.footystats.org/img/competitions/chile-primera-division.png
Chile Primera División,1053,2018,https://cdn.footystats.org/img/competitions/chile-primera-division.png
Chile Primera División,1869,2019,https://cdn.footystats.org/img/competitions/chile-primera-division.png
Chile Primera División,3646,2020,https://cdn.footystats.org/img/competitions/chile-primera-division.png
Chile Primera División,5682,2021,https://cdn.footystats.org/img/competitions/chile-primera-division.png
Chile Primera División,7036,2022,https://cdn.footystats.org/img/competitions/chile-primera-division.png
Chile Primera División,8833,2023,https://cdn.footystats.org/img/competitions/chile-primera-division.png
Chile Primera División,11103,2024,https://cdn.footystats.org/img/competitions/chile-primera-division.png
China Chinese Super League,127,2016,https://cdn.footystats.org/img/competitions/china-chinese-super-league.png
China Chinese Super League,128,2015,https://cdn.footystats.org/img/competitions/china-chinese-super-league.png
China Chinese Super League,129,2014,https://cdn.footystats.org/img/competitions/china-chinese-super-league.png
China Chinese Super League,152,2017,https://cdn.footystats.org/img/competitions/china-chinese-super-league.png
China Chinese Super League,1072,2018,https://cdn.footystats.org/img/competitions/china-chinese-super-league.png
China Chinese Super League,1871,2019,https://cdn.footystats.org/img/competitions/china-chinese-super-league.png
China Chinese Super League,4306,2013,https://cdn.footystats.org/img/competitions/china-chinese-super-league.png
China Chinese Super League,4313,2012,https://cdn.footystats.org/img/competitions/china-chinese-super-league.png
China Chinese Super League,4330,2011,https://cdn.footystats.org/img/competitions/china-chinese-super-league.png
China Chinese Super League,4337,2010,https://cdn.footystats.org/img/competitions/china-chinese-super-league.png
China Chinese Super League,4382,2020,https://cdn.footystats.org/img/competitions/china-chinese-super-league.png
China Chinese Super League,5728,2021,https://cdn.footystats.org/img/competitions/china-chinese-super-league.png
China Chinese Super League,7356,2022,https://cdn.footystats.org/img/competitions/china-chinese-super-league.png
China Chinese Super League,9186,2023,https://cdn.footystats.org/img/competitions/china-chinese-super-league.png
China Chinese Super League,11217,2024,https://cdn.footystats.org/img/competitions/china-chinese-super-league.png
Croatia Prva HNL,397,20172018,https://cdn.footystats.org/img/competitions/croatia-prva-hnl.png
Croatia Prva HNL,401,20162017,https://cdn.footystats.org/img/competitions/croatia-prva-hnl.png
Croatia Prva HNL,402,20152016,https://cdn.footystats.org/img/competitions/croatia-prva-hnl.png
Croatia Prva HNL,403,20142015,https://cdn.footystats.org/img/competitions/croatia-prva-hnl.png
Croatia Prva HNL,404,20132014,https://cdn.footystats.org/img/competitions/croatia-prva-hnl.png
Croatia Prva HNL,1557,20182019,https://cdn.footystats.org/img/competitions/croatia-prva-hnl.png
Croatia Prva HNL,2278,20192020,https://cdn.footystats.org/img/competitions/croatia-prva-hnl.png
Croatia Prva HNL,4660,20202021,https://cdn.footystats.org/img/competitions/croatia-prva-hnl.png
Croatia Prva HNL,5956,20212022,https://cdn.footystats.org/img/competitions/croatia-prva-hnl.png
Croatia Prva HNL,7457,20222023,https://cdn.footystats.org/img/competitions/croatia-prva-hnl.png
Croatia Prva HNL,9542,20232024,https://cdn.footystats.org/img/competitions/croatia-prva-hnl.png
Croatia Prva HNL,12121,20242025,https://cdn.footystats.org/img/competitions/croatia-prva-hnl.png
Czech Republic First League,537,20172018,https://cdn.footystats.org/img/competitions/czech-republic-first-league.png
Czech Republic First League,538,20162017,https://cdn.footystats.org/img/competitions/czech-republic-first-league.png
Czech Republic First League,539,20152016,https://cdn.footystats.org/img/competitions/czech-republic-first-league.png
Czech Republic First League,540,20142015,https://cdn.footystats.org/img/competitions/czech-republic-first-league.png
Czech Republic First League,541,20132014,https://cdn.footystats.org/img/competitions/czech-republic-first-league.png
Czech Republic First League,1545,20182019,https://cdn.footystats.org/img/competitions/czech-republic-first-league.png
Czech Republic First League,2268,20192020,https://cdn.footystats.org/img/competitions/czech-republic-first-league.png
Czech Republic First League,4308,20122013,https://cdn.footystats.org/img/competitions/czech-republic-first-league.png
Czech Republic First League,4314,20112012,https://cdn.footystats.org/img/competitions/czech-republic-first-league.png
Czech Republic First League,4328,20102011,https://cdn.footystats.org/img/competitions/czech-republic-first-league.png
Czech Republic First League,4335,20092010,https://cdn.footystats.org/img/competitions/czech-republic-first-league.png
Czech Republic First League,4801,20202021,https://cdn.footystats.org/img/competitions/czech-republic-first-league.png
Czech Republic First League,5938,20212022,https://cdn.footystats.org/img/competitions/czech-republic-first-league.png
Czech Republic First League,7586,20222023,https://cdn.footystats.org/img/competitions/czech-republic-first-league.png
Czech Republic First League,9592,20232024,https://cdn.footystats.org/img/competitions/czech-republic-first-league.png
Czech Republic First League,12336,20242025,https://cdn.footystats.org/img/competitions/czech-republic-first-league.png
Denmark Superliga,561,20172018,https://cdn.footystats.org/img/competitions/denmark-superliga.png
Denmark Superliga,562,20162017,https://cdn.footystats.org/img/competitions/denmark-superliga.png
Denmark Superliga,563,20152016,https://cdn.footystats.org/img/competitions/denmark-superliga.png
Denmark Superliga,564,20142015,https://cdn.footystats.org/img/competitions/denmark-superliga.png
Denmark Superliga,565,20132014,https://cdn.footystats.org/img/competitions/denmark-superliga.png
Denmark Superliga,1538,20182019,https://cdn.footystats.org/img/competitions/denmark-superliga.png
Denmark Superliga,2245,20192020,https://cdn.footystats.org/img/competitions/denmark-superliga.png
Denmark Superliga,4642,20202021,https://cdn.footystats.org/img/competitions/denmark-superliga.png
Denmark Superliga,5961,20212022,https://cdn.footystats.org/img/competitions/denmark-superliga.png
Denmark Superliga,7426,20222023,https://cdn.footystats.org/img/competitions/denmark-superliga.png
Denmark Superliga,9545,20232024,https://cdn.footystats.org/img/competitions/denmark-superliga.png
Denmark Superliga,12132,20242025,https://cdn.footystats.org/img/competitions/denmark-superliga.png
Egypt Egyptian Premier League,210,20162017,https://cdn.footystats.org/img/competitions/egypt-egyptian-premier-league.png
Egypt Egyptian Premier League,211,20152016,https://cdn.footystats.org/img/competitions/egypt-egyptian-premier-league.png
Egypt Egyptian Premier League,212,20142015,https://cdn.footystats.org/img/competitions/egypt-egyptian-premier-league.png
Egypt Egyptian Premier League,218,20172018,https://cdn.footystats.org/img/competitions/egypt-egyptian-premier-league.png
Egypt Egyptian Premier League,1673,20182019,https://cdn.footystats.org/img/competitions/egypt-egyptian-premier-league.png
Egypt Egyptian Premier League,2889,20192020,https://cdn.footystats.org/img/competitions/egypt-egyptian-premier-league.png
Egypt Egyptian Premier League,5342,20202021,https://cdn.footystats.org/img/competitions/egypt-egyptian-premier-league.png
Egypt Egyptian Premier League,6752,20212022,https://cdn.footystats.org/img/competitions/egypt-egyptian-premier-league.png
Egypt Egyptian Premier League,8520,20222023,https://cdn.footystats.org/img/competitions/egypt-egyptian-premier-league.png
Egypt Egyptian Premier League,10652,20232024,https://cdn.footystats.org/img/competitions/egypt-egyptian-premier-league.png
Egypt Egyptian Premier League,13704,20242025,https://cdn.footystats.org/img/competitions/egypt-egyptian-premier-league.png
England Championship,22,20162017,https://cdn.footystats.org/img/competitions/england-championship.png
England Championship,25,20152016,https://cdn.footystats.org/img/competitions/england-championship.png
England Championship,26,20142015,https://cdn.footystats.org/img/competitions/england-championship.png
England Championship,27,20132014,https://cdn.footystats.org/img/competitions/england-championship.png
England Championship,165,20172018,https://cdn.footystats.org/img/competitions/england-championship.png
England Championship,1624,20182019,https://cdn.footystats.org/img/competitions/england-championship.png
England Championship,2187,20192020,https://cdn.footystats.org/img/competitions/england-championship.png
England Championship,3141,20122013,https://cdn.footystats.org/img/competitions/england-championship.png
England Championship,3143,20112012,https://cdn.footystats.org/img/competitions/england-championship.png
England Championship,3146,20102011,https://cdn.footystats.org/img/competitions/england-championship.png
England Championship,3147,20092010,https://cdn.footystats.org/img/competitions/england-championship.png
England Championship,4912,20202021,https://cdn.footystats.org/img/competitions/england-championship.png
England Championship,6089,20212022,https://cdn.footystats.org/img/competitions/england-championship.png
England Championship,7593,20222023,https://cdn.footystats.org/img/competitions/england-championship.png
England Championship,8031,20082009,https://cdn.footystats.org/img/competitions/england-championship.png
England Championship,9663,20232024,https://cdn.footystats.org/img/competitions/england-championship.png
England Championship,12451,20242025,https://cdn.footystats.org/img/competitions/england-championship.png
England EFL League One,28,20162017,https://cdn.footystats.org/img/competitions/england-efl-league-one.png
England EFL League One,29,20152016,https://cdn.footystats.org/img/competitions/england-efl-league-one.png
England EFL League One,30,20142015,https://cdn.footystats.org/img/competitions/england-efl-league-one.png
England EFL League One,31,20132014,https://cdn.footystats.org/img/competitions/england-efl-league-one.png
England EFL League One,166,20172018,https://cdn.footystats.org/img/competitions/england-efl-league-one.png
England EFL League One,1564,20182019,https://cdn.footystats.org/img/competitions/england-efl-league-one.png
England EFL League One,2191,20192020,https://cdn.footystats.org/img/competitions/england-efl-league-one.png
England EFL League One,3950,20122013,https://cdn.footystats.org/img/competitions/england-efl-league-one.png
England EFL League One,3951,20092010,https://cdn.footystats.org/img/competitions/england-efl-league-one.png
England EFL League One,3952,20112012,https://cdn.footystats.org/img/competitions/england-efl-league-one.png
England EFL League One,4845,20202021,https://cdn.footystats.org/img/competitions/england-efl-league-one.png
England EFL League One,4923,20102011,https://cdn.footystats.org/img/competitions/england-efl-league-one.png
England EFL League One,6017,20212022,https://cdn.footystats.org/img/competitions/england-efl-league-one.png
England EFL League One,7570,20222023,https://cdn.footystats.org/img/competitions/england-efl-league-one.png
England EFL League One,9582,20232024,https://cdn.footystats.org/img/competitions/england-efl-league-one.png
England EFL League One,12446,20242025,https://cdn.footystats.org/img/competitions/england-efl-league-one.png
England EFL League Two,32,20162017,https://cdn.footystats.org/img/competitions/england-efl-league-two.png
England EFL League Two,33,20152016,https://cdn.footystats.org/img/competitions/england-efl-league-two.png
England EFL League Two,170,20172018,https://cdn.footystats.org/img/competitions/england-efl-league-two.png
England EFL League Two,1574,20182019,https://cdn.footystats.org/img/competitions/england-efl-league-two.png
England EFL League Two,2192,20192020,https://cdn.footystats.org/img/competitions/england-efl-league-two.png
England EFL League Two,4844,20202021,https://cdn.footystats.org/img/competitions/england-efl-league-two.png
England EFL League Two,6015,20212022,https://cdn.footystats.org/img/competitions/england-efl-league-two.png
England EFL League Two,7574,20222023,https://cdn.footystats.org/img/competitions/england-efl-league-two.png
England EFL League Two,9581,20232024,https://cdn.footystats.org/img/competitions/england-efl-league-two.png
England EFL League Two,12422,20242025,https://cdn.footystats.org/img/competitions/england-efl-league-two.png
England Premier League,9,20162017,https://cdn.footystats.org/img/competitions/england-premier-league.png
England Premier League,10,20152016,https://cdn.footystats.org/img/competitions/england-premier-league.png
England Premier League,11,20142015,https://cdn.footystats.org/img/competitions/england-premier-league.png
England Premier League,12,20132014,https://cdn.footystats.org/img/competitions/england-premier-league.png
England Premier League,161,20172018,https://cdn.footystats.org/img/competitions/england-premier-league.png
England Premier League,246,20122013,https://cdn.footystats.org/img/competitions/england-premier-league.png
England Premier League,1625,20182019,https://cdn.footystats.org/img/competitions/england-premier-league.png
England Premier League,2012,20192020,https://cdn.footystats.org/img/competitions/england-premier-league.png
England Premier League,3119,20112012,https://cdn.footystats.org/img/competitions/england-premier-league.png
England Premier League,3121,20102011,https://cdn.footystats.org/img/competitions/england-premier-league.png
England Premier League,3125,20092010,https://cdn.footystats.org/img/competitions/england-premier-league.png
England Premier League,3131,20082009,https://cdn.footystats.org/img/competitions/england-premier-league.png
England Premier League,3137,20072008,https://cdn.footystats.org/img/competitions/england-premier-league.png
England Premier League,4759,20202021,https://cdn.footystats.org/img/competitions/england-premier-league.png
England Premier League,6135,20212022,https://cdn.footystats.org/img/competitions/england-premier-league.png
England Premier League,7704,20222023,https://cdn.footystats.org/img/competitions/england-premier-league.png
England Premier League,9660,20232024,https://cdn.footystats.org/img/competitions/england-premier-league.png
England Premier League,12325,20242025,https://cdn.footystats.org/img/competitions/england-premier-league.png
Estonia Meistriliiga,345,2017,https://cdn.footystats.org/img/competitions/estonia-meistriliiga.png
Estonia Meistriliiga,346,2016,https://cdn.footystats.org/img/competitions/estonia-meistriliiga.png
Estonia Meistriliiga,347,2015,https://cdn.footystats.org/img/competitions/estonia-meistriliiga.png
Estonia Meistriliiga,348,2014,https://cdn.footystats.org/img/competitions/estonia-meistriliiga.png
Estonia Meistriliiga,349,2013,https://cdn.footystats.org/img/competitions/estonia-meistriliiga.png
Estonia Meistriliiga,988,2018,https://cdn.footystats.org/img/competitions/estonia-meistriliiga.png
Estonia Meistriliiga,1882,2019,https://cdn.footystats.org/img/competitions/estonia-meistriliiga.png
Estonia Meistriliiga,3675,2020,https://cdn.footystats.org/img/competitions/estonia-meistriliiga.png
Estonia Meistriliiga,5472,2021,https://cdn.footystats.org/img/competitions/estonia-meistriliiga.png
Estonia Meistriliiga,7073,2022,https://cdn.footystats.org/img/competitions/estonia-meistriliiga.png
Estonia Meistriliiga,8898,2023,https://cdn.footystats.org/img/competitions/estonia-meistriliiga.png
Estonia Meistriliiga,11119,2024,https://cdn.footystats.org/img/competitions/estonia-meistriliiga.png
Finland Veikkausliiga,58,2017,https://cdn.footystats.org/img/competitions/finland-veikkausliiga.png
Finland Veikkausliiga,59,2016,https://cdn.footystats.org/img/competitions/finland-veikkausliiga.png
Finland Veikkausliiga,60,2014,https://cdn.footystats.org/img/competitions/finland-veikkausliiga.png
Finland Veikkausliiga,72,2015,https://cdn.footystats.org/img/competitions/finland-veikkausliiga.png
Finland Veikkausliiga,1191,2018,https://cdn.footystats.org/img/competitions/finland-veikkausliiga.png
Finland Veikkausliiga,1874,2019,https://cdn.footystats.org/img/competitions/finland-veikkausliiga.png
Finland Veikkausliiga,3645,2020,https://cdn.footystats.org/img/competitions/finland-veikkausliiga.png
Finland Veikkausliiga,5477,2021,https://cdn.footystats.org/img/competitions/finland-veikkausliiga.png
Finland Veikkausliiga,7120,2022,https://cdn.footystats.org/img/competitions/finland-veikkausliiga.png
Finland Veikkausliiga,8935,2023,https://cdn.footystats.org/img/competitions/finland-veikkausliiga.png
Finland Veikkausliiga,11120,2024,https://cdn.footystats.org/img/competitions/finland-veikkausliiga.png
France Ligue 1,65,20162017,https://cdn.footystats.org/img/competitions/france-ligue-1.png
France Ligue 1,66,20142015,https://cdn.footystats.org/img/competitions/france-ligue-1.png
France Ligue 1,67,20132014,https://cdn.footystats.org/img/competitions/france-ligue-1.png
France Ligue 1,75,20152016,https://cdn.footystats.org/img/competitions/france-ligue-1.png
France Ligue 1,180,20172018,https://cdn.footystats.org/img/competitions/france-ligue-1.png
France Ligue 1,1508,20182019,https://cdn.footystats.org/img/competitions/france-ligue-1.png
France Ligue 1,2392,20192020,https://cdn.footystats.org/img/competitions/france-ligue-1.png
France Ligue 1,4127,20122013,https://cdn.footystats.org/img/competitions/france-ligue-1.png
France Ligue 1,4136,20112012,https://cdn.footystats.org/img/competitions/france-ligue-1.png
France Ligue 1,4193,20102011,https://cdn.footystats.org/img/competitions/france-ligue-1.png
France Ligue 1,4199,20092010,https://cdn.footystats.org/img/competitions/france-ligue-1.png
France Ligue 1,4505,20202021,https://cdn.footystats.org/img/competitions/france-ligue-1.png
France Ligue 1,6019,20212022,https://cdn.footystats.org/img/competitions/france-ligue-1.png
France Ligue 1,7500,20222023,https://cdn.footystats.org/img/competitions/france-ligue-1.png
France Ligue 1,9674,20232024,https://cdn.footystats.org/img/competitions/france-ligue-1.png
France Ligue 1,12337,20242025,https://cdn.footystats.org/img/competitions/france-ligue-1.png
France Ligue 2,73,20162017,https://cdn.footystats.org/img/competitions/france-ligue-2.png
France Ligue 2,74,20152016,https://cdn.footystats.org/img/competitions/france-ligue-2.png
France Ligue 2,76,20142015,https://cdn.footystats.org/img/competitions/france-ligue-2.png
France Ligue 2,181,20172018,https://cdn.footystats.org/img/competitions/france-ligue-2.png
France Ligue 2,1579,20182019,https://cdn.footystats.org/img/competitions/france-ligue-2.png
France Ligue 2,2396,20192020,https://cdn.footystats.org/img/competitions/france-ligue-2.png
France Ligue 2,4164,20132014,https://cdn.footystats.org/img/competitions/france-ligue-2.png
France Ligue 2,4185,20122013,https://cdn.footystats.org/img/competitions/france-ligue-2.png
France Ligue 2,4645,20202021,https://cdn.footystats.org/img/competitions/france-ligue-2.png
France Ligue 2,6018,20212022,https://cdn.footystats.org/img/competitions/france-ligue-2.png
France Ligue 2,7501,20222023,https://cdn.footystats.org/img/competitions/france-ligue-2.png
France Ligue 2,9621,20232024,https://cdn.footystats.org/img/competitions/france-ligue-2.png
France Ligue 2,12338,20242025,https://cdn.footystats.org/img/competitions/france-ligue-2.png
Germany 2. Bundesliga,83,20162017,https://cdn.footystats.org/img/competitions/germany-2-bundesliga.png
Germany 2. Bundesliga,84,20152016,https://cdn.footystats.org/img/competitions/germany-2-bundesliga.png
Germany 2. Bundesliga,85,20142015,https://cdn.footystats.org/img/competitions/germany-2-bundesliga.png
Germany 2. Bundesliga,188,20172018,https://cdn.footystats.org/img/competitions/germany-2-bundesliga.png
Germany 2. Bundesliga,1578,20182019,https://cdn.footystats.org/img/competitions/germany-2-bundesliga.png
Germany 2. Bundesliga,4131,20132014,https://cdn.footystats.org/img/competitions/germany-2-bundesliga.png
Germany 2. Bundesliga,4168,20122013,https://cdn.footystats.org/img/competitions/germany-2-bundesliga.png
Germany 2. Bundesliga,4195,20112012,https://cdn.footystats.org/img/competitions/germany-2-bundesliga.png
Germany 2. Bundesliga,4200,20102011,https://cdn.footystats.org/img/competitions/germany-2-bundesliga.png
Germany 2. Bundesliga,4388,20192020,https://cdn.footystats.org/img/competitions/germany-2-bundesliga.png
Germany 2. Bundesliga,4676,20202021,https://cdn.footystats.org/img/competitions/germany-2-bundesliga.png
Germany 2. Bundesliga,6020,20212022,https://cdn.footystats.org/img/competitions/germany-2-bundesliga.png
Germany 2. Bundesliga,7499,20222023,https://cdn.footystats.org/img/competitions/germany-2-bundesliga.png
Germany 2. Bundesliga,9656,20232024,https://cdn.footystats.org/img/competitions/germany-2-bundesliga.png
Germany 2. Bundesliga,12528,20242025,https://cdn.footystats.org/img/competitions/germany-2-bundesliga.png
Germany Bundesliga,3,20162017,https://cdn.footystats.org/img/competitions/germany-bundesliga.png
Germany Bundesliga,4,20152016,https://cdn.footystats.org/img/competitions/germany-bundesliga.png
Germany Bundesliga,5,20142015,https://cdn.footystats.org/img/competitions/germany-bundesliga.png
Germany Bundesliga,7,20132014,https://cdn.footystats.org/img/competitions/germany-bundesliga.png
Germany Bundesliga,177,20172018,https://cdn.footystats.org/img/competitions/germany-bundesliga.png
Germany Bundesliga,1636,20182019,https://cdn.footystats.org/img/competitions/germany-bundesliga.png
Germany Bundesliga,4105,20122013,https://cdn.footystats.org/img/competitions/germany-bundesliga.png
Germany Bundesliga,4123,20112012,https://cdn.footystats.org/img/competitions/germany-bundesliga.png
Germany Bundesliga,4133,20102011,https://cdn.footystats.org/img/competitions/germany-bundesliga.png
Germany Bundesliga,4140,20092010,https://cdn.footystats.org/img/competitions/germany-bundesliga.png
Germany Bundesliga,4392,20192020,https://cdn.footystats.org/img/competitions/germany-bundesliga.png
Germany Bundesliga,4624,20082009,https://cdn.footystats.org/img/competitions/germany-bundesliga.png
Germany Bundesliga,4628,20072008,https://cdn.footystats.org/img/competitions/germany-bundesliga.png
Germany Bundesliga,4629,20062007,https://cdn.footystats.org/img/competitions/germany-bundesliga.png
Germany Bundesliga,4673,20202021,https://cdn.footystats.org/img/competitions/germany-bundesliga.png
Germany Bundesliga,6192,20212022,https://cdn.footystats.org/img/competitions/germany-bundesliga.png
Germany Bundesliga,7664,20222023,https://cdn.footystats.org/img/competitions/germany-bundesliga.png
Germany Bundesliga,9655,20232024,https://cdn.footystats.org/img/competitions/germany-bundesliga.png
Germany Bundesliga,12529,20242025,https://cdn.footystats.org/img/competitions/germany-bundesliga.png
Greece Super League,207,20172018,https://cdn.footystats.org/img/competitions/greece-super-league.png
Greece Super League,208,20162017,https://cdn.footystats.org/img/competitions/greece-super-league.png
Greece Super League,209,20152016,https://cdn.footystats.org/img/competitions/greece-super-league.png
Greece Super League,933,20142015,https://cdn.footystats.org/img/competitions/greece-super-league.png
Greece Super League,934,20132014,https://cdn.footystats.org/img/competitions/greece-super-league.png
Greece Super League,1752,20182019,https://cdn.footystats.org/img/competitions/greece-super-league.png
Greece Super League,2667,20192020,https://cdn.footystats.org/img/competitions/greece-super-league.png
Greece Super League,4957,20202021,https://cdn.footystats.org/img/competitions/greece-super-league.png
Greece Super League,6282,20212022,https://cdn.footystats.org/img/competitions/greece-super-league.png
Greece Super League,7954,20222023,https://cdn.footystats.org/img/competitions/greece-super-league.png
Greece Super League,9889,20232024,https://cdn.footystats.org/img/competitions/greece-super-league.png
Greece Super League,12734,20242025,https://cdn.footystats.org/img/competitions/greece-super-league.png
Iceland Úrvalsdeild,737,2017,https://cdn.footystats.org/img/competitions/iceland-urvalsdeild.png
Iceland Úrvalsdeild,738,2016,https://cdn.footystats.org/img/competitions/iceland-urvalsdeild.png
Iceland Úrvalsdeild,739,2015,https://cdn.footystats.org/img/competitions/iceland-urvalsdeild.png
Iceland Úrvalsdeild,740,2014,https://cdn.footystats.org/img/competitions/iceland-urvalsdeild.png
Iceland Úrvalsdeild,741,2013,https://cdn.footystats.org/img/competitions/iceland-urvalsdeild.png
Iceland Úrvalsdeild,1113,2018,https://cdn.footystats.org/img/competitions/iceland-urvalsdeild.png
Iceland Úrvalsdeild,1832,2019,https://cdn.footystats.org/img/competitions/iceland-urvalsdeild.png
Iceland Úrvalsdeild,3682,2020,https://cdn.footystats.org/img/competitions/iceland-urvalsdeild.png
Iceland Úrvalsdeild,5522,2021,https://cdn.footystats.org/img/competitions/iceland-urvalsdeild.png
Iceland Úrvalsdeild,7105,2022,https://cdn.footystats.org/img/competitions/iceland-urvalsdeild.png
Iceland Úrvalsdeild,8784,2023,https://cdn.footystats.org/img/competitions/iceland-urvalsdeild.png
Iceland Úrvalsdeild,10975,2024,https://cdn.footystats.org/img/competitions/iceland-urvalsdeild.png
Iceland Úrvalsdeild,14017,2025,https://cdn.footystats.org/img/competitions/iceland-urvalsdeild.png
Italy Serie A,68,20162017,https://cdn.footystats.org/img/competitions/italy-serie-a.png
Italy Serie A,69,20152016,https://cdn.footystats.org/img/competitions/italy-serie-a.png
Italy Serie A,70,20142015,https://cdn.footystats.org/img/competitions/italy-serie-a.png
Italy Serie A,71,20132014,https://cdn.footystats.org/img/competitions/italy-serie-a.png
Italy Serie A,182,20172018,https://cdn.footystats.org/img/competitions/italy-serie-a.png
Italy Serie A,1680,20182019,https://cdn.footystats.org/img/competitions/italy-serie-a.png
Italy Serie A,2588,20192020,https://cdn.footystats.org/img/competitions/italy-serie-a.png
Italy Serie A,3940,20112012,https://cdn.footystats.org/img/competitions/italy-serie-a.png
Italy Serie A,3941,20082009,https://cdn.footystats.org/img/competitions/italy-serie-a.png
Italy Serie A,3942,20092010,https://cdn.footystats.org/img/competitions/italy-serie-a.png
Italy Serie A,3945,20122013,https://cdn.footystats.org/img/competitions/italy-serie-a.png
Italy Serie A,4889,20202021,https://cdn.footystats.org/img/competitions/italy-serie-a.png
Italy Serie A,6198,20212022,https://cdn.footystats.org/img/competitions/italy-serie-a.png
Italy Serie A,7608,20222023,https://cdn.footystats.org/img/competitions/italy-serie-a.png
Italy Serie A,9697,20232024,https://cdn.footystats.org/img/competitions/italy-serie-a.png
Italy Serie A,11181,20102011,https://cdn.footystats.org/img/competitions/italy-serie-a.png
Italy Serie A,12530,20242025,https://cdn.footystats.org/img/competitions/italy-serie-a.png
Italy Serie B,77,20162017,https://cdn.footystats.org/img/competitions/italy-serie-b.png
Italy Serie B,78,20152016,https://cdn.footystats.org/img/competitions/italy-serie-b.png
Italy Serie B,79,20142015,https://cdn.footystats.org/img/competitions/italy-serie-b.png
Italy Serie B,80,20132014,https://cdn.footystats.org/img/competitions/italy-serie-b.png
Italy Serie B,81,20122013,https://cdn.footystats.org/img/competitions/italy-serie-b.png
Italy Serie B,183,20172018,https://cdn.footystats.org/img/competitions/italy-serie-b.png
Italy Serie B,1749,20182019,https://cdn.footystats.org/img/competitions/italy-serie-b.png
Italy Serie B,2642,20192020,https://cdn.footystats.org/img/competitions/italy-serie-b.png
Italy Serie B,3946,20092010,https://cdn.footystats.org/img/competitions/italy-serie-b.png
Italy Serie B,3948,20102011,https://cdn.footystats.org/img/competitions/italy-serie-b.png
Italy Serie B,3949,20112012,https://cdn.footystats.org/img/competitions/italy-serie-b.png
Italy Serie B,4972,20202021,https://cdn.footystats.org/img/competitions/italy-serie-b.png
Italy Serie B,6205,20212022,https://cdn.footystats.org/img/competitions/italy-serie-b.png
Italy Serie B,7864,20222023,https://cdn.footystats.org/img/competitions/italy-serie-b.png
Italy Serie B,9808,20232024,https://cdn.footystats.org/img/competitions/italy-serie-b.png
Italy Serie B,12621,20242025,https://cdn.footystats.org/img/competitions/italy-serie-b.png
Japan J1 League,162,2017,https://cdn.footystats.org/img/competitions/japan-j1-league.png
Japan J1 League,250,2016,https://cdn.footystats.org/img/competitions/japan-j1-league.png
Japan J1 League,251,2015,https://cdn.footystats.org/img/competitions/japan-j1-league.png
Japan J1 League,252,2014,https://cdn.footystats.org/img/competitions/japan-j1-league.png
Japan J1 League,253,2013,https://cdn.footystats.org/img/competitions/japan-j1-league.png
Japan J1 League,254,2012,https://cdn.footystats.org/img/competitions/japan-j1-league.png
Japan J1 League,1071,2018,https://cdn.footystats.org/img/competitions/japan-j1-league.png
Japan J1 League,1864,2019,https://cdn.footystats.org/img/competitions/japan-j1-league.png
Japan J1 League,3686,2020,https://cdn.footystats.org/img/competitions/japan-j1-league.png
Japan J1 League,5434,2021,https://cdn.footystats.org/img/competitions/japan-j1-league.png
Japan J1 League,6935,2022,https://cdn.footystats.org/img/competitions/japan-j1-league.png
Japan J1 League,8810,2023,https://cdn.footystats.org/img/competitions/japan-j1-league.png
Japan J1 League,10994,2024,https://cdn.footystats.org/img/competitions/japan-j1-league.png
Japan J1 League,13960,2025,https://cdn.footystats.org/img/competitions/japan-j1-league.png
Japan J2 League,130,2016,https://cdn.footystats.org/img/competitions/japan-j2-league.png
Japan J2 League,131,2015,https://cdn.footystats.org/img/competitions/japan-j2-league.png
Japan J2 League,132,2014,https://cdn.footystats.org/img/competitions/japan-j2-league.png
Japan J2 League,153,2017,https://cdn.footystats.org/img/competitions/japan-j2-league.png
Japan J2 League,1073,2018,https://cdn.footystats.org/img/competitions/japan-j2-league.png
Japan J2 League,1865,2019,https://cdn.footystats.org/img/competitions/japan-j2-league.png
Japan J2 League,3684,2020,https://cdn.footystats.org/img/competitions/japan-j2-league.png
Japan J2 League,5495,2021,https://cdn.footystats.org/img/competitions/japan-j2-league.png
Japan J2 League,6936,2022,https://cdn.footystats.org/img/competitions/japan-j2-league.png
Japan J2 League,8811,2023,https://cdn.footystats.org/img/competitions/japan-j2-league.png
Japan J2 League,10995,2024,https://cdn.footystats.org/img/competitions/japan-j2-league.png
Japan J2 League,13961,2025,https://cdn.footystats.org/img/competitions/japan-j2-league.png
Netherlands Eerste Divisie,55,20162017,https://cdn.footystats.org/img/competitions/netherlands-eerste-divisie.png
Netherlands Eerste Divisie,56,20152016,https://cdn.footystats.org/img/competitions/netherlands-eerste-divisie.png
Netherlands Eerste Divisie,57,20142015,https://cdn.footystats.org/img/competitions/netherlands-eerste-divisie.png
Netherlands Eerste Divisie,179,20172018,https://cdn.footystats.org/img/competitions/netherlands-eerste-divisie.png
Netherlands Eerste Divisie,1584,20182019,https://cdn.footystats.org/img/competitions/netherlands-eerste-divisie.png
Netherlands Eerste Divisie,2273,20192020,https://cdn.footystats.org/img/competitions/netherlands-eerste-divisie.png
Netherlands Eerste Divisie,4228,20132014,https://cdn.footystats.org/img/competitions/netherlands-eerste-divisie.png
Netherlands Eerste Divisie,4236,20122013,https://cdn.footystats.org/img/competitions/netherlands-eerste-divisie.png
Netherlands Eerste Divisie,4243,20112012,https://cdn.footystats.org/img/competitions/netherlands-eerste-divisie.png
Netherlands Eerste Divisie,4246,20102011,https://cdn.footystats.org/img/competitions/netherlands-eerste-divisie.png
Netherlands Eerste Divisie,4247,20092010,https://cdn.footystats.org/img/competitions/netherlands-eerste-divisie.png
Netherlands Eerste Divisie,4748,20202021,https://cdn.footystats.org/img/competitions/netherlands-eerste-divisie.png
Netherlands Eerste Divisie,5950,20212022,https://cdn.footystats.org/img/competitions/netherlands-eerste-divisie.png
Netherlands Eerste Divisie,7484,20222023,https://cdn.footystats.org/img/competitions/netherlands-eerste-divisie.png
Netherlands Eerste Divisie,9654,20232024,https://cdn.footystats.org/img/competitions/netherlands-eerste-divisie.png
Netherlands Eerste Divisie,12317,20242025,https://cdn.footystats.org/img/competitions/netherlands-eerste-divisie.png
Netherlands Eredivisie,51,20162017,https://cdn.footystats.org/img/competitions/netherlands-eredivisie.png
Netherlands Eredivisie,52,20152016,https://cdn.footystats.org/img/competitions/netherlands-eredivisie.png
Netherlands Eredivisie,53,20142015,https://cdn.footystats.org/img/competitions/netherlands-eredivisie.png
Netherlands Eredivisie,54,20132014,https://cdn.footystats.org/img/competitions/netherlands-eredivisie.png
Netherlands Eredivisie,178,20172018,https://cdn.footystats.org/img/competitions/netherlands-eredivisie.png
Netherlands Eredivisie,1585,20182019,https://cdn.footystats.org/img/competitions/netherlands-eredivisie.png
Netherlands Eredivisie,2272,20192020,https://cdn.footystats.org/img/competitions/netherlands-eredivisie.png
Netherlands Eredivisie,4226,20122013,https://cdn.footystats.org/img/competitions/netherlands-eredivisie.png
Netherlands Eredivisie,4234,20112012,https://cdn.footystats.org/img/competitions/netherlands-eredivisie.png
Netherlands Eredivisie,4746,20202021,https://cdn.footystats.org/img/competitions/netherlands-eredivisie.png
Netherlands Eredivisie,5951,20212022,https://cdn.footystats.org/img/competitions/netherlands-eredivisie.png
Netherlands Eredivisie,7482,20222023,https://cdn.footystats.org/img/competitions/netherlands-eredivisie.png
Netherlands Eredivisie,9653,20232024,https://cdn.footystats.org/img/competitions/netherlands-eredivisie.png
Netherlands Eredivisie,12322,20242025,https://cdn.footystats.org/img/competitions/netherlands-eredivisie.png
Norway Eliteserien,44,2016,https://cdn.footystats.org/img/competitions/norway-eliteserien.png
Norway Eliteserien,45,2015,https://cdn.footystats.org/img/competitions/norway-eliteserien.png
Norway Eliteserien,46,2017,https://cdn.footystats.org/img/competitions/norway-eliteserien.png
Norway Eliteserien,993,2018,https://cdn.footystats.org/img/competitions/norway-eliteserien.png
Norway Eliteserien,1839,2019,https://cdn.footystats.org/img/competitions/norway-eliteserien.png
Norway Eliteserien,3695,2020,https://cdn.footystats.org/img/competitions/norway-eliteserien.png
Norway Eliteserien,4224,2014,https://cdn.footystats.org/img/competitions/norway-eliteserien.png
Norway Eliteserien,4231,2013,https://cdn.footystats.org/img/competitions/norway-eliteserien.png
Norway Eliteserien,4237,2012,https://cdn.footystats.org/img/competitions/norway-eliteserien.png
Norway Eliteserien,4242,2011,https://cdn.footystats.org/img/competitions/norway-eliteserien.png
Norway Eliteserien,4244,2010,https://cdn.footystats.org/img/competitions/norway-eliteserien.png
Norway Eliteserien,5496,2021,https://cdn.footystats.org/img/competitions/norway-eliteserien.png
Norway Eliteserien,7048,2022,https://cdn.footystats.org/img/competitions/norway-eliteserien.png
Norway Eliteserien,8739,2023,https://cdn.footystats.org/img/competitions/norway-eliteserien.png
Norway Eliteserien,10976,2024,https://cdn.footystats.org/img/competitions/norway-eliteserien.png
Norway Eliteserien,13987,2025,https://cdn.footystats.org/img/competitions/norway-eliteserien.png
Poland Ekstraklasa,255,20172018,https://cdn.footystats.org/img/competitions/poland-ekstraklasa.png
Poland Ekstraklasa,256,20152016,https://cdn.footystats.org/img/competitions/poland-ekstraklasa.png
Poland Ekstraklasa,257,20132014,https://cdn.footystats.org/img/competitions/poland-ekstraklasa.png
Poland Ekstraklasa,278,20162017,https://cdn.footystats.org/img/competitions/poland-ekstraklasa.png
Poland Ekstraklasa,279,20142015,https://cdn.footystats.org/img/competitions/poland-ekstraklasa.png
Poland Ekstraklasa,1589,20182019,https://cdn.footystats.org/img/competitions/poland-ekstraklasa.png
Poland Ekstraklasa,2328,20192020,https://cdn.footystats.org/img/competitions/poland-ekstraklasa.png
Poland Ekstraklasa,3972,20092010,https://cdn.footystats.org/img/competitions/poland-ekstraklasa.png
Poland Ekstraklasa,3973,20122013,https://cdn.footystats.org/img/competitions/poland-ekstraklasa.png
Poland Ekstraklasa,3974,20102011,https://cdn.footystats.org/img/competitions/poland-ekstraklasa.png
Poland Ekstraklasa,3975,20112012,https://cdn.footystats.org/img/competitions/poland-ekstraklasa.png
Poland Ekstraklasa,4760,20202021,https://cdn.footystats.org/img/competitions/poland-ekstraklasa.png
Poland Ekstraklasa,5948,20212022,https://cdn.footystats.org/img/competitions/poland-ekstraklasa.png
Poland Ekstraklasa,7428,20222023,https://cdn.footystats.org/img/competitions/poland-ekstraklasa.png
Poland Ekstraklasa,9553,20232024,https://cdn.footystats.org/img/competitions/poland-ekstraklasa.png
Poland Ekstraklasa,12120,20242025,https://cdn.footystats.org/img/competitions/poland-ekstraklasa.png
Portugal Liga NOS,13,20162017,https://cdn.footystats.org/img/competitions/portugal-liga-nos.png
Portugal Liga NOS,14,20152016,https://cdn.footystats.org/img/competitions/portugal-liga-nos.png
Portugal Liga NOS,17,20142015,https://cdn.footystats.org/img/competitions/portugal-liga-nos.png
Portugal Liga NOS,18,20132014,https://cdn.footystats.org/img/competitions/portugal-liga-nos.png
Portugal Liga NOS,173,20172018,https://cdn.footystats.org/img/competitions/portugal-liga-nos.png
Portugal Liga NOS,1593,20182019,https://cdn.footystats.org/img/competitions/portugal-liga-nos.png
Portugal Liga NOS,2321,20192020,https://cdn.footystats.org/img/competitions/portugal-liga-nos.png
Portugal Liga NOS,4225,20122013,https://cdn.footystats.org/img/competitions/portugal-liga-nos.png
Portugal Liga NOS,4232,20112012,https://cdn.footystats.org/img/competitions/portugal-liga-nos.png
Portugal Liga NOS,4238,20102011,https://cdn.footystats.org/img/competitions/portugal-liga-nos.png
Portugal Liga NOS,4885,20202021,https://cdn.footystats.org/img/competitions/portugal-liga-nos.png
Portugal Liga NOS,6117,20212022,https://cdn.footystats.org/img/competitions/portugal-liga-nos.png
Portugal Liga NOS,7731,20222023,https://cdn.footystats.org/img/competitions/portugal-liga-nos.png
Portugal Liga NOS,9984,20232024,https://cdn.footystats.org/img/competitions/portugal-liga-nos.png
Portugal Liga NOS,12931,20242025,https://cdn.footystats.org/img/competitions/portugal-liga-nos.png
Portugal LigaPro,174,20172018,https://cdn.footystats.org/img/competitions/portugal-ligapro.png
Portugal LigaPro,965,20162017,https://cdn.footystats.org/img/competitions/portugal-ligapro.png
Portugal LigaPro,966,20152016,https://cdn.footystats.org/img/competitions/portugal-ligapro.png
Portugal LigaPro,1594,20182019,https://cdn.footystats.org/img/competitions/portugal-ligapro.png
Portugal LigaPro,2320,20192020,https://cdn.footystats.org/img/competitions/portugal-ligapro.png
Portugal LigaPro,4284,20142015,https://cdn.footystats.org/img/competitions/portugal-ligapro.png
Portugal LigaPro,4291,20122013,https://cdn.footystats.org/img/competitions/portugal-ligapro.png
Portugal LigaPro,4309,20102011,https://cdn.footystats.org/img/competitions/portugal-ligapro.png
Portugal LigaPro,4322,20092010,https://cdn.footystats.org/img/competitions/portugal-ligapro.png
Portugal LigaPro,4886,20202021,https://cdn.footystats.org/img/competitions/portugal-ligapro.png
Portugal LigaPro,6116,20212022,https://cdn.footystats.org/img/competitions/portugal-ligapro.png
Portugal LigaPro,7732,20222023,https://cdn.footystats.org/img/competitions/portugal-ligapro.png
Portugal LigaPro,9704,20232024,https://cdn.footystats.org/img/competitions/portugal-ligapro.png
Portugal LigaPro,12585,20242025,https://cdn.footystats.org/img/competitions/portugal-ligapro.png
Republic of Ireland Premier Division,449,2017,https://cdn.footystats.org/img/competitions/republic-of-ireland-premier-division.png
Republic of Ireland Premier Division,450,2016,https://cdn.footystats.org/img/competitions/republic-of-ireland-premier-division.png
Republic of Ireland Premier Division,451,2015,https://cdn.footystats.org/img/competitions/republic-of-ireland-premier-division.png
Republic of Ireland Premier Division,452,2014,https://cdn.footystats.org/img/competitions/republic-of-ireland-premier-division.png
Republic of Ireland Premier Division,453,2013,https://cdn.footystats.org/img/competitions/republic-of-ireland-premier-division.png
Republic of Ireland Premier Division,990,2018,https://cdn.footystats.org/img/competitions/republic-of-ireland-premier-division.png
Republic of Ireland Premier Division,1844,2019,https://cdn.footystats.org/img/competitions/republic-of-ireland-premier-division.png
Republic of Ireland Premier Division,3570,2020,https://cdn.footystats.org/img/competitions/republic-of-ireland-premier-division.png
Republic of Ireland Premier Division,5534,2021,https://cdn.footystats.org/img/competitions/republic-of-ireland-premier-division.png
Republic of Ireland Premier Division,6967,2022,https://cdn.footystats.org/img/competitions/republic-of-ireland-premier-division.png
Republic of Ireland Premier Division,8741,2023,https://cdn.footystats.org/img/competitions/republic-of-ireland-premier-division.png
Republic of Ireland Premier Division,10946,2024,https://cdn.footystats.org/img/competitions/republic-of-ireland-premier-division.png
Republic of Ireland Premier Division,13952,2025,https://cdn.footystats.org/img/competitions/republic-of-ireland-premier-division.png
Romania Liga I,1086,20172018,https://cdn.footystats.org/img/competitions/romania-liga-i.png
Romania Liga I,1087,20162017,https://cdn.footystats.org/img/competitions/romania-liga-i.png
Romania Liga I,1088,20152016,https://cdn.footystats.org/img/competitions/romania-liga-i.png
Romania Liga I,1089,20142015,https://cdn.footystats.org/img/competitions/romania-liga-i.png
Romania Liga I,1090,20132014,https://cdn.footystats.org/img/competitions/romania-liga-i.png
Romania Liga I,1596,20182019,https://cdn.footystats.org/img/competitions/romania-liga-i.png
Romania Liga I,2312,20192020,https://cdn.footystats.org/img/competitions/romania-liga-i.png
Romania Liga I,4764,20202021,https://cdn.footystats.org/img/competitions/romania-liga-i.png
Romania Liga I,6037,20212022,https://cdn.footystats.org/img/competitions/romania-liga-i.png
Romania Liga I,7663,20222023,https://cdn.footystats.org/img/competitions/romania-liga-i.png
Romania Liga I,9622,20232024,https://cdn.footystats.org/img/competitions/romania-liga-i.png
Romania Liga I,12495,20242025,https://cdn.footystats.org/img/competitions/romania-liga-i.png
Scotland Premiership,2,20162017,https://cdn.footystats.org/img/competitions/scotland-premiership.png
Scotland Premiership,164,20172018,https://cdn.footystats.org/img/competitions/scotland-premiership.png
Scotland Premiership,167,20152016,https://cdn.footystats.org/img/competitions/scotland-premiership.png
Scotland Premiership,168,20142015,https://cdn.footystats.org/img/competitions/scotland-premiership.png
Scotland Premiership,169,20132014,https://cdn.footystats.org/img/competitions/scotland-premiership.png
Scotland Premiership,223,20122013,https://cdn.footystats.org/img/competitions/scotland-premiership.png
Scotland Premiership,1600,20182019,https://cdn.footystats.org/img/competitions/scotland-premiership.png
Scotland Premiership,2361,20192020,https://cdn.footystats.org/img/competitions/scotland-premiership.png
Scotland Premiership,4478,20202021,https://cdn.footystats.org/img/competitions/scotland-premiership.png
Scotland Premiership,5992,20212022,https://cdn.footystats.org/img/competitions/scotland-premiership.png
Scotland Premiership,7494,20222023,https://cdn.footystats.org/img/competitions/scotland-premiership.png
Scotland Premiership,9636,20232024,https://cdn.footystats.org/img/competitions/scotland-premiership.png
Scotland Premiership,12455,20242025,https://cdn.footystats.org/img/competitions/scotland-premiership.png
Slovenia PrvaLiga,426,20172018,https://cdn.footystats.org/img/competitions/slovenia-prvaliga.png
Slovenia PrvaLiga,427,20162017,https://cdn.footystats.org/img/competitions/slovenia-prvaliga.png
Slovenia PrvaLiga,428,20152016,https://cdn.footystats.org/img/competitions/slovenia-prvaliga.png
Slovenia PrvaLiga,429,20142015,https://cdn.footystats.org/img/competitions/slovenia-prvaliga.png
Slovenia PrvaLiga,433,20132014,https://cdn.footystats.org/img/competitions/slovenia-prvaliga.png
Slovenia PrvaLiga,1608,20182019,https://cdn.footystats.org/img/competitions/slovenia-prvaliga.png
Slovenia PrvaLiga,2251,20192020,https://cdn.footystats.org/img/competitions/slovenia-prvaliga.png
Slovenia PrvaLiga,4635,20202021,https://cdn.footystats.org/img/competitions/slovenia-prvaliga.png
Slovenia PrvaLiga,6048,20212022,https://cdn.footystats.org/img/competitions/slovenia-prvaliga.png
Slovenia PrvaLiga,7526,20222023,https://cdn.footystats.org/img/competitions/slovenia-prvaliga.png
Slovenia PrvaLiga,9579,20232024,https://cdn.footystats.org/img/competitions/slovenia-prvaliga.png
Slovenia PrvaLiga,12476,20242025,https://cdn.footystats.org/img/competitions/slovenia-prvaliga.png
South Korea K League 1,747,2017,https://cdn.footystats.org/img/competitions/south-korea-k-league-1.png
South Korea K League 1,748,2016,https://cdn.footystats.org/img/competitions/south-korea-k-league-1.png
South Korea K League 1,749,2015,https://cdn.footystats.org/img/competitions/south-korea-k-league-1.png
South Korea K League 1,750,2014,https://cdn.footystats.org/img/competitions/south-korea-k-league-1.png
South Korea K League 1,751,2013,https://cdn.footystats.org/img/competitions/south-korea-k-league-1.png
South Korea K League 1,1115,2018,https://cdn.footystats.org/img/competitions/south-korea-k-league-1.png
South Korea K League 1,1862,2019,https://cdn.footystats.org/img/competitions/south-korea-k-league-1.png
South Korea K League 1,4379,2020,https://cdn.footystats.org/img/competitions/south-korea-k-league-1.png
South Korea K League 1,5506,2021,https://cdn.footystats.org/img/competitions/south-korea-k-league-1.png
South Korea K League 1,7061,2022,https://cdn.footystats.org/img/competitions/south-korea-k-league-1.png
South Korea K League 1,8899,2023,https://cdn.footystats.org/img/competitions/south-korea-k-league-1.png
South Korea K League 1,11102,2024,https://cdn.footystats.org/img/competitions/south-korea-k-league-1.png
South Korea K League 1,14069,2025,https://cdn.footystats.org/img/competitions/south-korea-k-league-1.png
South Korea K League 2,752,2015,https://cdn.footystats.org/img/competitions/south-korea-k-league-2.png
South Korea K League 2,753,2013,https://cdn.footystats.org/img/competitions/south-korea-k-league-2.png
South Korea K League 2,759,2017,https://cdn.footystats.org/img/competitions/south-korea-k-league-2.png
South Korea K League 2,760,2016,https://cdn.footystats.org/img/competitions/south-korea-k-league-2.png
South Korea K League 2,761,2014,https://cdn.footystats.org/img/competitions/south-korea-k-league-2.png
South Korea K League 2,1121,2018,https://cdn.footystats.org/img/competitions/south-korea-k-league-2.png
South Korea K League 2,1863,2019,https://cdn.footystats.org/img/competitions/south-korea-k-league-2.png
South Korea K League 2,4381,2020,https://cdn.footystats.org/img/competitions/south-korea-k-league-2.png
South Korea K League 2,5504,2021,https://cdn.footystats.org/img/competitions/south-korea-k-league-2.png
South Korea K League 2,7062,2022,https://cdn.footystats.org/img/competitions/south-korea-k-league-2.png
South Korea K League 2,8938,2023,https://cdn.footystats.org/img/competitions/south-korea-k-league-2.png
South Korea K League 2,11156,2024,https://cdn.footystats.org/img/competitions/south-korea-k-league-2.png
Spain La Liga,34,20162017,https://cdn.footystats.org/img/competitions/spain-la-liga.png
Spain La Liga,35,20152016,https://cdn.footystats.org/img/competitions/spain-la-liga.png
Spain La Liga,36,20142015,https://cdn.footystats.org/img/competitions/spain-la-liga.png
Spain La Liga,37,20132014,https://cdn.footystats.org/img/competitions/spain-la-liga.png
Spain La Liga,38,20122013,https://cdn.footystats.org/img/competitions/spain-la-liga.png
Spain La Liga,171,20172018,https://cdn.footystats.org/img/competitions/spain-la-liga.png
Spain La Liga,1677,20182019,https://cdn.footystats.org/img/competitions/spain-la-liga.png
Spain La Liga,2319,20192020,https://cdn.footystats.org/img/competitions/spain-la-liga.png
Spain La Liga,3631,20112012,https://cdn.footystats.org/img/competitions/spain-la-liga.png
Spain La Liga,3632,20102011,https://cdn.footystats.org/img/competitions/spain-la-liga.png
Spain La Liga,3636,20092010,https://cdn.footystats.org/img/competitions/spain-la-liga.png
Spain La Liga,3637,20082009,https://cdn.footystats.org/img/competitions/spain-la-liga.png
Spain La Liga,4944,20202021,https://cdn.footystats.org/img/competitions/spain-la-liga.png
Spain La Liga,6211,20212022,https://cdn.footystats.org/img/competitions/spain-la-liga.png
Spain La Liga,7665,20222023,https://cdn.footystats.org/img/competitions/spain-la-liga.png
Spain La Liga,9665,20232024,https://cdn.footystats.org/img/competitions/spain-la-liga.png
Spain La Liga,12316,20242025,https://cdn.footystats.org/img/competitions/spain-la-liga.png
Spain Segunda División,39,20162017,https://cdn.footystats.org/img/competitions/spain-segunda-division.png
Spain Segunda División,40,20152016,https://cdn.footystats.org/img/competitions/spain-segunda-division.png
Spain Segunda División,41,20142015,https://cdn.footystats.org/img/competitions/spain-segunda-division.png
Spain Segunda División,42,20132014,https://cdn.footystats.org/img/competitions/spain-segunda-division.png
Spain Segunda División,43,20122013,https://cdn.footystats.org/img/competitions/spain-segunda-division.png
Spain Segunda División,172,20172018,https://cdn.footystats.org/img/competitions/spain-segunda-division.png
Spain Segunda División,1670,20182019,https://cdn.footystats.org/img/competitions/spain-segunda-division.png
Spain Segunda División,2415,20192020,https://cdn.footystats.org/img/competitions/spain-segunda-division.png
Spain Segunda División,4167,20112012,https://cdn.footystats.org/img/competitions/spain-segunda-division.png
Spain Segunda División,4245,20102011,https://cdn.footystats.org/img/competitions/spain-segunda-division.png
Spain Segunda División,4249,20092010,https://cdn.footystats.org/img/competitions/spain-segunda-division.png
Spain Segunda División,4842,20202021,https://cdn.footystats.org/img/competitions/spain-segunda-division.png
Spain Segunda División,6120,20212022,https://cdn.footystats.org/img/competitions/spain-segunda-division.png
Spain Segunda División,7592,20222023,https://cdn.footystats.org/img/competitions/spain-segunda-division.png
Spain Segunda División,9675,20232024,https://cdn.footystats.org/img/competitions/spain-segunda-division.png
Spain Segunda División,12467,20242025,https://cdn.footystats.org/img/competitions/spain-segunda-division.png
Sweden Allsvenskan,104,2017,https://cdn.footystats.org/img/competitions/sweden-allsvenskan.png
Sweden Allsvenskan,105,2016,https://cdn.footystats.org/img/competitions/sweden-allsvenskan.png
Sweden Allsvenskan,106,2015,https://cdn.footystats.org/img/competitions/sweden-allsvenskan.png
Sweden Allsvenskan,107,2014,https://cdn.footystats.org/img/competitions/sweden-allsvenskan.png
Sweden Allsvenskan,994,2018,https://cdn.footystats.org/img/competitions/sweden-allsvenskan.png
Sweden Allsvenskan,1848,2019,https://cdn.footystats.org/img/competitions/sweden-allsvenskan.png
Sweden Allsvenskan,3703,2020,https://cdn.footystats.org/img/competitions/sweden-allsvenskan.png
Sweden Allsvenskan,4307,2013,https://cdn.footystats.org/img/competitions/sweden-allsvenskan.png
Sweden Allsvenskan,4315,2011,https://cdn.footystats.org/img/competitions/sweden-allsvenskan.png
Sweden Allsvenskan,4329,2010,https://cdn.footystats.org/img/competitions/sweden-allsvenskan.png
Sweden Allsvenskan,5505,2021,https://cdn.footystats.org/img/competitions/sweden-allsvenskan.png
Sweden Allsvenskan,7064,2022,https://cdn.footystats.org/img/competitions/sweden-allsvenskan.png
Sweden Allsvenskan,8737,2023,https://cdn.footystats.org/img/competitions/sweden-allsvenskan.png
Sweden Allsvenskan,10969,2024,https://cdn.footystats.org/img/competitions/sweden-allsvenskan.png
Sweden Allsvenskan,13963,2025,https://cdn.footystats.org/img/competitions/sweden-allsvenskan.png
Sweden Superettan,108,2017,https://cdn.footystats.org/img/competitions/sweden-superettan.png
Sweden Superettan,109,2016,https://cdn.footystats.org/img/competitions/sweden-superettan.png
Sweden Superettan,110,2015,https://cdn.footystats.org/img/competitions/sweden-superettan.png
Sweden Superettan,111,2014,https://cdn.footystats.org/img/competitions/sweden-superettan.png
Sweden Superettan,995,2018,https://cdn.footystats.org/img/competitions/sweden-superettan.png
Sweden Superettan,1849,2019,https://cdn.footystats.org/img/competitions/sweden-superettan.png
Sweden Superettan,3704,2020,https://cdn.footystats.org/img/competitions/sweden-superettan.png
Sweden Superettan,5502,2021,https://cdn.footystats.org/img/competitions/sweden-superettan.png
Sweden Superettan,7065,2022,https://cdn.footystats.org/img/competitions/sweden-superettan.png
Sweden Superettan,8738,2023,https://cdn.footystats.org/img/competitions/sweden-superettan.png
Sweden Superettan,10987,2024,https://cdn.footystats.org/img/competitions/sweden-superettan.png
Sweden Superettan,13975,2025,https://cdn.footystats.org/img/competitions/sweden-superettan.png
Switzerland Challenge League,141,20162017,https://cdn.footystats.org/img/competitions/switzerland-challenge-league.png
Switzerland Challenge League,142,20142015,https://cdn.footystats.org/img/competitions/switzerland-challenge-league.png
Switzerland Challenge League,187,20172018,https://cdn.footystats.org/img/competitions/switzerland-challenge-league.png
Switzerland Challenge League,219,20152016,https://cdn.footystats.org/img/competitions/switzerland-challenge-league.png
Switzerland Challenge League,1611,20182019,https://cdn.footystats.org/img/competitions/switzerland-challenge-league.png
Switzerland Challenge League,2250,20192020,https://cdn.footystats.org/img/competitions/switzerland-challenge-league.png
Switzerland Challenge League,4907,20202021,https://cdn.footystats.org/img/competitions/switzerland-challenge-league.png
Switzerland Challenge League,6034,20212022,https://cdn.footystats.org/img/competitions/switzerland-challenge-league.png
Switzerland Challenge League,7496,20222023,https://cdn.footystats.org/img/competitions/switzerland-challenge-league.png
Switzerland Challenge League,9569,20232024,https://cdn.footystats.org/img/competitions/switzerland-challenge-league.png
Switzerland Challenge League,12277,20242025,https://cdn.footystats.org/img/competitions/switzerland-challenge-league.png
Switzerland Super League,136,20162017,https://cdn.footystats.org/img/competitions/switzerland-super-league.png
Switzerland Super League,137,20152016,https://cdn.footystats.org/img/competitions/switzerland-super-league.png
Switzerland Super League,138,20142015,https://cdn.footystats.org/img/competitions/switzerland-super-league.png
Switzerland Super League,139,20132014,https://cdn.footystats.org/img/competitions/switzerland-super-league.png
Switzerland Super League,140,20122013,https://cdn.footystats.org/img/competitions/switzerland-super-league.png
Switzerland Super League,186,20172018,https://cdn.footystats.org/img/competitions/switzerland-super-league.png
Switzerland Super League,1610,20182019,https://cdn.footystats.org/img/competitions/switzerland-super-league.png
Switzerland Super League,2249,20192020,https://cdn.footystats.org/img/competitions/switzerland-super-league.png
Switzerland Super League,4906,20202021,https://cdn.footystats.org/img/competitions/switzerland-super-league.png
Switzerland Super League,6044,20212022,https://cdn.footystats.org/img/competitions/switzerland-super-league.png
Switzerland Super League,7504,20222023,https://cdn.footystats.org/img/competitions/switzerland-super-league.png
Switzerland Super League,9580,20232024,https://cdn.footystats.org/img/competitions/switzerland-super-league.png
Switzerland Super League,12326,20242025,https://cdn.footystats.org/img/competitions/switzerland-super-league.png
Turkey Süper Lig,19,20162017,https://cdn.footystats.org/img/competitions/turkey-super-lig.png
Turkey Süper Lig,20,20152016,https://cdn.footystats.org/img/competitions/turkey-super-lig.png
Turkey Süper Lig,21,20142015,https://cdn.footystats.org/img/competitions/turkey-super-lig.png
Turkey Süper Lig,175,20172018,https://cdn.footystats.org/img/competitions/turkey-super-lig.png
Turkey Süper Lig,1614,20182019,https://cdn.footystats.org/img/competitions/turkey-super-lig.png
Turkey Süper Lig,2648,20192020,https://cdn.footystats.org/img/competitions/turkey-super-lig.png
Turkey Süper Lig,4840,20202021,https://cdn.footystats.org/img/competitions/turkey-super-lig.png
Turkey Süper Lig,6125,20212022,https://cdn.footystats.org/img/competitions/turkey-super-lig.png
Turkey Süper Lig,7768,20222023,https://cdn.footystats.org/img/competitions/turkey-super-lig.png
Turkey Süper Lig,9913,20232024,https://cdn.footystats.org/img/competitions/turkey-super-lig.png
Turkey Süper Lig,12641,20242025,https://cdn.footystats.org/img/competitions/turkey-super-lig.png
USA MLS,1,2016,https://cdn.footystats.org/img/competitions/usa-mls.png
USA MLS,16,2015,https://cdn.footystats.org/img/competitions/usa-mls.png
USA MLS,23,2014,https://cdn.footystats.org/img/competitions/usa-mls.png
USA MLS,24,2013,https://cdn.footystats.org/img/competitions/usa-mls.png
USA MLS,163,2017,https://cdn.footystats.org/img/competitions/usa-mls.png
USA MLS,1076,2018,https://cdn.footystats.org/img/competitions/usa-mls.png
USA MLS,1846,2019,https://cdn.footystats.org/img/competitions/usa-mls.png
USA MLS,4227,2012,https://cdn.footystats.org/img/competitions/usa-mls.png
USA MLS,4235,2011,https://cdn.footystats.org/img/competitions/usa-mls.png
USA MLS,4241,2010,https://cdn.footystats.org/img/competitions/usa-mls.png
USA MLS,4473,2020,https://cdn.footystats.org/img/competitions/usa-mls.png
USA MLS,5674,2021,https://cdn.footystats.org/img/competitions/usa-mls.png
USA MLS,6969,2022,https://cdn.footystats.org/img/competitions/usa-mls.png
USA MLS,8777,2023,https://cdn.footystats.org/img/competitions/usa-mls.png
USA MLS,10977,2024,https://cdn.footystats.org/img/competitions/usa-mls.png
USA MLS,13973,2025,https://cdn.footystats.org/img/competitions/usa-mls.png
Uruguay Primera División,853,2017,https://cdn.footystats.org/img/competitions/uruguay-primera-division.png
Uruguay Primera División,854,2016,https://cdn.footystats.org/img/competitions/uruguay-primera-division.png
Uruguay Primera División,855,20152016,https://cdn.footystats.org/img/competitions/uruguay-primera-division.png
Uruguay Primera División,856,20142015,https://cdn.footystats.org/img/competitions/uruguay-primera-division.png
Uruguay Primera División,857,20132014,https://cdn.footystats.org/img/competitions/uruguay-primera-division.png
Uruguay Primera División,1095,2018,https://cdn.footystats.org/img/competitions/uruguay-primera-division.png
Uruguay Primera División,1905,2019,https://cdn.footystats.org/img/competitions/uruguay-primera-division.png
Uruguay Primera División,3789,2020,https://cdn.footystats.org/img/competitions/uruguay-primera-division.png
Uruguay Primera División,5809,2021,https://cdn.footystats.org/img/competitions/uruguay-primera-division.png
Uruguay Primera División,7067,2022,https://cdn.footystats.org/img/competitions/uruguay-primera-division.png
Uruguay Primera División,8937,2023,https://cdn.footystats.org/img/competitions/uruguay-primera-division.png
Uruguay Primera División,11209,2024,https://cdn.footystats.org/img/competitions/uruguay-primera-division.png
Wales Welsh Premier League,471,20172018,https://cdn.footystats.org/img/competitions/wales-welsh-premier-league.png
Wales Welsh Premier League,472,20162017,https://cdn.footystats.org/img/competitions/wales-welsh-premier-league.png
Wales Welsh Premier League,473,20152016,https://cdn.footystats.org/img/competitions/wales-welsh-premier-league.png
Wales Welsh Premier League,474,20142015,https://cdn.footystats.org/img/competitions/wales-welsh-premier-league.png
Wales Welsh Premier League,475,20132014,https://cdn.footystats.org/img/competitions/wales-welsh-premier-league.png
Wales Welsh Premier League,1617,20182019,https://cdn.footystats.org/img/competitions/wales-welsh-premier-league.png
Wales Welsh Premier League,2318,20192020,https://cdn.footystats.org/img/competitions/wales-welsh-premier-league.png
Wales Welsh Premier League,4958,20202021,https://cdn.footystats.org/img/competitions/wales-welsh-premier-league.png
Wales Welsh Premier League,6043,20212022,https://cdn.footystats.org/img/competitions/wales-welsh-premier-league.png
Wales Welsh Premier League,7620,20222023,https://cdn.footystats.org/img/competitions/wales-welsh-premier-league.png
Wales Welsh Premier League,9565,20232024,https://cdn.footystats.org/img/competitions/wales-welsh-premier-league.png
Wales Welsh Premier League,12339,20242025,https://cdn.footystats.org/img/competitions/wales-welsh-premier-league.png
